#
# There is insufficient memory for the Java Runtime Environment to continue.
# Native memory allocation (malloc) failed to allocate 1036176 bytes. Error detail: Chunk::new
# Possible reasons:
#   The system is out of physical RAM or swap space
#   This process is running with CompressedOops enabled, and the Java Heap may be blocking the growth of the native heap
# Possible solutions:
#   Reduce memory load on the system
#   Increase physical memory or swap space
#   Check if swap backing store is full
#   Decrease Java heap size (-Xmx/-Xms)
#   Decrease number of Java threads
#   Decrease Java thread stack sizes (-Xss)
#   Set larger code cache with -XX:ReservedCodeCacheSize=
#   JVM is running with Unscaled Compressed Oops mode in which the Java heap is
#     placed in the first 4GB address space. The Java Heap base address is the
#     maximum limit for the native heap growth. Please use -XX:HeapBaseMinAddress
#     to set the Java Heap base and to place the Java Heap above 4GB virtual address.
# This output file may be truncated or incomplete.
#
#  Out of Memory Error (arena.cpp:191), pid=26272, tid=34612
#
# JRE version: OpenJDK Runtime Environment (17.0.11) (build 17.0.11+0--11852314)
# Java VM: OpenJDK 64-Bit Server VM (17.0.11+0--11852314, mixed mode, tiered, compressed oops, compressed class ptrs, g1 gc, windows-amd64)
# No core dump will be written. Minidumps are not enabled by default on client versions of Windows
#

---------------  S U M M A R Y ------------

Command Line: --add-opens=java.base/java.util=ALL-UNNAMED --add-opens=java.base/java.lang=ALL-UNNAMED --add-opens=java.base/java.lang.invoke=ALL-UNNAMED --add-opens=java.prefs/java.util.prefs=ALL-UNNAMED --add-opens=java.base/java.nio.charset=ALL-UNNAMED --add-opens=java.base/java.net=ALL-UNNAMED --add-opens=java.base/java.util.concurrent.atomic=ALL-UNNAMED -Xmx2048m -Dfile.encoding=UTF-8 -Duser.country=PE -Duser.language=es -Duser.variant -javaagent:C:\Users\Gerardo\.gradle\wrapper\dists\gradle-8.7-bin\bhs2wmbdwecv87pi65oeuq5iu\gradle-8.7\lib\agents\gradle-instrumentation-agent-8.7.jar org.gradle.launcher.daemon.bootstrap.GradleDaemon 8.7

Host: AMD Ryzen 5 7535HS with Radeon Graphics        , 12 cores, 7G,  Windows 11 , 64 bit Build 22621 (10.0.22621.3958)
Time: Wed Sep 25 12:43:16 2024 Hora est. Pacífico, Sudamérica elapsed time: 19.405410 seconds (0d 0h 0m 19s)

---------------  T H R E A D  ---------------

Current thread (0x000002dff22e8350):  JavaThread "C2 CompilerThread0" daemon [_thread_in_native, id=34612, stack(0x000000f2fa300000,0x000000f2fa400000)]


Current CompileTask:
C2:  19405 10959   !   4       com.sun.org.apache.xerces.internal.impl.XMLDocumentFragmentScannerImpl$FragmentContentDriver::next (2331 bytes)

Stack: [0x000000f2fa300000,0x000000f2fa400000]
Native frames: (J=compiled Java code, j=interpreted, Vv=VM code, C=native code)
V  [jvm.dll+0x687bb9]
V  [jvm.dll+0x84142a]
V  [jvm.dll+0x8430ae]
V  [jvm.dll+0x843713]
V  [jvm.dll+0x24a35f]
V  [jvm.dll+0xac544]
V  [jvm.dll+0xacb8c]
V  [jvm.dll+0x369be2]
V  [jvm.dll+0x33416a]
V  [jvm.dll+0x33360a]
V  [jvm.dll+0x21bed1]
V  [jvm.dll+0x21b311]
V  [jvm.dll+0x1a63ed]
V  [jvm.dll+0x22b1ee]
V  [jvm.dll+0x229375]
V  [jvm.dll+0x7f5647]
V  [jvm.dll+0x7efa4a]
V  [jvm.dll+0x686a35]
C  [ucrtbase.dll+0x29333]
C  [KERNEL32.DLL+0x1257d]
C  [ntdll.dll+0x5af28]


---------------  P R O C E S S  ---------------

Threads class SMR info:
_java_thread_list=0x000002df846f7290, length=100, elements={
0x000002dfd7eb0970, 0x000002dff22d6020, 0x000002dff2155670, 0x000002dff217e690,
0x000002dff22e3290, 0x000002dff22e5d60, 0x000002dff22e6ec0, 0x000002dff22e8350,
0x000002dff22ec9f0, 0x000002dff22efba0, 0x000002dff23ef5a0, 0x000002dff2596690,
0x000002dff7dce790, 0x000002dff75dd1f0, 0x000002dff8f968b0, 0x000002dff71bfb70,
0x000002dff844f440, 0x000002dff7029b00, 0x000002dff8c73f30, 0x000002dff87cffa0,
0x000002dff87cf580, 0x000002dff87cf070, 0x000002dff87d0ed0, 0x000002dff87d13e0,
0x000002dff87cfa90, 0x000002dff87d04b0, 0x000002dff87d09c0, 0x000002dff87d2820,
0x000002dff87d18f0, 0x000002dff87d1e00, 0x000002dff961da00, 0x000002dff961bba0,
0x000002dff9619d40, 0x000002dff961c0b0, 0x000002dff961cad0, 0x000002dff961a250,
0x000002dff9618900, 0x000002dff961e420, 0x000002dff961a760, 0x000002dff9619320,
0x000002dff96179d0, 0x000002dff9617ee0, 0x000002dff9619830, 0x000002dff9616fb0,
0x000002dff961c5c0, 0x000002dff961ac70, 0x000002dff961cfe0, 0x000002dff96183f0,
0x000002dff961e930, 0x000002dff961d4f0, 0x000002dff961df10, 0x000002dff9d1f180,
0x000002dff9d1ec70, 0x000002dff9d1a080, 0x000002dff9d1d320, 0x000002dff9d1aaa0,
0x000002dff9d1e760, 0x000002dff9d1ce10, 0x000002dff9d1f690, 0x000002dff9d1a590,
0x000002dff9d1b9d0, 0x000002dff9d1d830, 0x000002dff9d1c3f0, 0x000002dff9d1fba0,
0x000002dff9d1dd40, 0x000002dff9d1e250, 0x000002dff9d20fe0, 0x000002dff9d200b0,
0x000002dff9d205c0, 0x000002dff9d20ad0, 0x000002dff9d214f0, 0x000002dff9d21a00,
0x000002dff9e3ac60, 0x000002dff9e3b170, 0x000002dff9e379c0, 0x000002dff9e3bb90,
0x000002dff9e3d9f0, 0x000002dff9e3cac0, 0x000002dff9e3e920, 0x000002dff9e39820,
0x000002dff9e3df00, 0x000002dff9e3ee30, 0x000002dff9e388f0, 0x000002dff9e37ed0,
0x000002dff9e3f340, 0x000002dff9e3b680, 0x000002dff9e383e0, 0x000002dff9e3c0a0,
0x000002dff9e38e00, 0x000002dff9e3d4e0, 0x000002dff9e3c5b0, 0x000002dff9e39310,
0x000002dff9e3cfd0, 0x000002dff9e39d30, 0x000002dff9e3e410, 0x000002dff9e3a240,
0x000002dff9e3a750, 0x000002df848b8970, 0x000002df848bb700, 0x000002df848b98a0
}

Java Threads: ( => current thread )
  0x000002dfd7eb0970 JavaThread "main" [_thread_blocked, id=40920, stack(0x000000f2f9600000,0x000000f2f9700000)]
  0x000002dff22d6020 JavaThread "Reference Handler" daemon [_thread_blocked, id=29948, stack(0x000000f2f9d00000,0x000000f2f9e00000)]
  0x000002dff2155670 JavaThread "Finalizer" daemon [_thread_blocked, id=7248, stack(0x000000f2f9e00000,0x000000f2f9f00000)]
  0x000002dff217e690 JavaThread "Signal Dispatcher" daemon [_thread_blocked, id=33116, stack(0x000000f2f9f00000,0x000000f2fa000000)]
  0x000002dff22e3290 JavaThread "Attach Listener" daemon [_thread_blocked, id=12016, stack(0x000000f2fa000000,0x000000f2fa100000)]
  0x000002dff22e5d60 JavaThread "Service Thread" daemon [_thread_blocked, id=11628, stack(0x000000f2fa100000,0x000000f2fa200000)]
  0x000002dff22e6ec0 JavaThread "Monitor Deflation Thread" daemon [_thread_blocked, id=27600, stack(0x000000f2fa200000,0x000000f2fa300000)]
=>0x000002dff22e8350 JavaThread "C2 CompilerThread0" daemon [_thread_in_native, id=34612, stack(0x000000f2fa300000,0x000000f2fa400000)]
  0x000002dff22ec9f0 JavaThread "C1 CompilerThread0" daemon [_thread_in_vm, id=25612, stack(0x000000f2fa400000,0x000000f2fa500000)]
  0x000002dff22efba0 JavaThread "Sweeper thread" daemon [_thread_blocked, id=14980, stack(0x000000f2fa500000,0x000000f2fa600000)]
  0x000002dff23ef5a0 JavaThread "Common-Cleaner" daemon [_thread_blocked, id=29088, stack(0x000000f2fa600000,0x000000f2fa700000)]
  0x000002dff2596690 JavaThread "Notification Thread" daemon [_thread_blocked, id=40492, stack(0x000000f2fa700000,0x000000f2fa800000)]
  0x000002dff7dce790 JavaThread "Daemon health stats" [_thread_blocked, id=21700, stack(0x000000f2fae00000,0x000000f2faf00000)]
  0x000002dff75dd1f0 JavaThread "Incoming local TCP Connector on port 62560" [_thread_in_native, id=39868, stack(0x000000f2fac00000,0x000000f2fad00000)]
  0x000002dff8f968b0 JavaThread "Daemon periodic checks" [_thread_blocked, id=18220, stack(0x000000f2faf00000,0x000000f2fb000000)]
  0x000002dff71bfb70 JavaThread "Daemon" [_thread_blocked, id=6484, stack(0x000000f2fb000000,0x000000f2fb100000)]
  0x000002dff844f440 JavaThread "Handler for socket connection from /127.0.0.1:62560 to /127.0.0.1:62561" [_thread_in_native, id=12028, stack(0x000000f2fb100000,0x000000f2fb200000)]
  0x000002dff7029b00 JavaThread "Cancel handler" [_thread_blocked, id=516, stack(0x000000f2fb200000,0x000000f2fb300000)]
  0x000002dff8c73f30 JavaThread "Daemon worker" [_thread_blocked, id=508, stack(0x000000f2fb300000,0x000000f2fb400000)]
  0x000002dff87cffa0 JavaThread "Asynchronous log dispatcher for DefaultDaemonConnection: socket connection from /127.0.0.1:62560 to /127.0.0.1:62561" [_thread_blocked, id=21824, stack(0x000000f2fb400000,0x000000f2fb500000)]
  0x000002dff87cf580 JavaThread "Stdin handler" [_thread_blocked, id=39980, stack(0x000000f2fb500000,0x000000f2fb600000)]
  0x000002dff87cf070 JavaThread "Daemon client event forwarder" [_thread_blocked, id=38456, stack(0x000000f2fb600000,0x000000f2fb700000)]
  0x000002dff87d0ed0 JavaThread "Cache worker for journal cache (C:\Users\Gerardo\.gradle\caches\journal-1)" [_thread_blocked, id=26300, stack(0x000000f2fbe00000,0x000000f2fbf00000)]
  0x000002dff87d13e0 JavaThread "File lock request listener" [_thread_in_native, id=39364, stack(0x000000f2fbf00000,0x000000f2fc000000)]
  0x000002dff87cfa90 JavaThread "Cache worker for file hash cache (C:\Users\Gerardo\.gradle\caches\8.7\fileHashes)" [_thread_blocked, id=3208, stack(0x000000f2fc000000,0x000000f2fc100000)]
  0x000002dff87d04b0 JavaThread "Cache worker for file hash cache (C:\Users\Gerardo\OneDrive\Documentos\Iot-Proyecto\proyectoIot\.gradle\8.7\fileHashes)" [_thread_blocked, id=36520, stack(0x000000f2fc100000,0x000000f2fc200000)]
  0x000002dff87d09c0 JavaThread "File watcher server" daemon [_thread_in_native, id=14036, stack(0x000000f2fc200000,0x000000f2fc300000)]
  0x000002dff87d2820 JavaThread "File watcher consumer" daemon [_thread_blocked, id=38004, stack(0x000000f2fc300000,0x000000f2fc400000)]
  0x000002dff87d18f0 JavaThread "Cache worker for checksums cache (C:\Users\Gerardo\OneDrive\Documentos\Iot-Proyecto\proyectoIot\.gradle\8.7\checksums)" [_thread_blocked, id=14608, stack(0x000000f2fc400000,0x000000f2fc500000)]
  0x000002dff87d1e00 JavaThread "Cache worker for cache directory md-supplier (C:\Users\Gerardo\.gradle\caches\8.7\md-supplier)" [_thread_blocked, id=40020, stack(0x000000f2fc500000,0x000000f2fc600000)]
  0x000002dff961da00 JavaThread "Cache worker for cache directory md-rule (C:\Users\Gerardo\.gradle\caches\8.7\md-rule)" [_thread_blocked, id=19184, stack(0x000000f2fc600000,0x000000f2fc700000)]
  0x000002dff961bba0 JavaThread "Cache worker for file content cache (C:\Users\Gerardo\.gradle\caches\8.7\fileContent)" [_thread_blocked, id=23720, stack(0x000000f2fc700000,0x000000f2fc800000)]
  0x000002dff9619d40 JavaThread "jar transforms" [_thread_blocked, id=23356, stack(0x000000f2fc800000,0x000000f2fc900000)]
  0x000002dff961c0b0 JavaThread "jar transforms Thread 2" [_thread_blocked, id=8636, stack(0x000000f2fc900000,0x000000f2fca00000)]
  0x000002dff961cad0 JavaThread "Cache worker for Build Output Cleanup Cache (C:\Users\Gerardo\OneDrive\Documentos\Iot-Proyecto\proyectoIot\.gradle\buildOutputCleanup)" [_thread_blocked, id=10916, stack(0x000000f2fca00000,0x000000f2fcb00000)]
  0x000002dff961a250 JavaThread "jar transforms Thread 3" [_thread_blocked, id=8256, stack(0x000000f2fcb00000,0x000000f2fcc00000)]
  0x000002dff9618900 JavaThread "Unconstrained build operations" [_thread_blocked, id=34380, stack(0x000000f2fcd00000,0x000000f2fce00000)]
  0x000002dff961e420 JavaThread "Unconstrained build operations Thread 2" [_thread_blocked, id=24284, stack(0x000000f2fce00000,0x000000f2fcf00000)]
  0x000002dff961a760 JavaThread "Unconstrained build operations Thread 3" [_thread_blocked, id=1980, stack(0x000000f2fcf00000,0x000000f2fd000000)]
  0x000002dff9619320 JavaThread "Unconstrained build operations Thread 4" [_thread_blocked, id=8840, stack(0x000000f2fd000000,0x000000f2fd100000)]
  0x000002dff96179d0 JavaThread "Unconstrained build operations Thread 5" [_thread_blocked, id=21856, stack(0x000000f2fd100000,0x000000f2fd200000)]
  0x000002dff9617ee0 JavaThread "Unconstrained build operations Thread 6" [_thread_blocked, id=3432, stack(0x000000f2fd200000,0x000000f2fd300000)]
  0x000002dff9619830 JavaThread "Unconstrained build operations Thread 7" [_thread_blocked, id=13800, stack(0x000000f2fd300000,0x000000f2fd400000)]
  0x000002dff9616fb0 JavaThread "Unconstrained build operations Thread 8" [_thread_blocked, id=35276, stack(0x000000f2fd400000,0x000000f2fd500000)]
  0x000002dff961c5c0 JavaThread "Unconstrained build operations Thread 9" [_thread_blocked, id=32124, stack(0x000000f2fd500000,0x000000f2fd600000)]
  0x000002dff961ac70 JavaThread "Unconstrained build operations Thread 10" [_thread_blocked, id=5444, stack(0x000000f2fd600000,0x000000f2fd700000)]
  0x000002dff961cfe0 JavaThread "Unconstrained build operations Thread 11" [_thread_blocked, id=16316, stack(0x000000f2fd700000,0x000000f2fd800000)]
  0x000002dff96183f0 JavaThread "Unconstrained build operations Thread 12" [_thread_blocked, id=40208, stack(0x000000f2fd800000,0x000000f2fd900000)]
  0x000002dff961e930 JavaThread "Unconstrained build operations Thread 13" [_thread_blocked, id=18020, stack(0x000000f2fd900000,0x000000f2fda00000)]
  0x000002dff961d4f0 JavaThread "Unconstrained build operations Thread 14" [_thread_blocked, id=10872, stack(0x000000f2fda00000,0x000000f2fdb00000)]
  0x000002dff961df10 JavaThread "Unconstrained build operations Thread 15" [_thread_blocked, id=5812, stack(0x000000f2fdb00000,0x000000f2fdc00000)]
  0x000002dff9d1f180 JavaThread "Unconstrained build operations Thread 16" [_thread_blocked, id=36004, stack(0x000000f2fdc00000,0x000000f2fdd00000)]
  0x000002dff9d1ec70 JavaThread "Unconstrained build operations Thread 17" [_thread_blocked, id=12784, stack(0x000000f2fdd00000,0x000000f2fde00000)]
  0x000002dff9d1a080 JavaThread "Unconstrained build operations Thread 18" [_thread_blocked, id=8956, stack(0x000000f2fde00000,0x000000f2fdf00000)]
  0x000002dff9d1d320 JavaThread "Unconstrained build operations Thread 19" [_thread_blocked, id=18748, stack(0x000000f2fdf00000,0x000000f2fe000000)]
  0x000002dff9d1aaa0 JavaThread "Unconstrained build operations Thread 20" [_thread_blocked, id=38740, stack(0x000000f2fe000000,0x000000f2fe100000)]
  0x000002dff9d1e760 JavaThread "Unconstrained build operations Thread 21" [_thread_blocked, id=27980, stack(0x000000f2fe100000,0x000000f2fe200000)]
  0x000002dff9d1ce10 JavaThread "Unconstrained build operations Thread 22" [_thread_blocked, id=12908, stack(0x000000f2fe200000,0x000000f2fe300000)]
  0x000002dff9d1f690 JavaThread "jar transforms Thread 4" [_thread_blocked, id=34364, stack(0x000000f2fe300000,0x000000f2fe400000)]
  0x000002dff9d1a590 JavaThread "jar transforms Thread 5" [_thread_blocked, id=20536, stack(0x000000f2fe400000,0x000000f2fe500000)]
  0x000002dff9d1b9d0 JavaThread "build event listener" [_thread_blocked, id=16560, stack(0x000000f2fe500000,0x000000f2fe600000)]
  0x000002dff9d1d830 JavaThread "Memory manager" [_thread_blocked, id=22968, stack(0x000000f2fe600000,0x000000f2fe700000)]
  0x000002dff9d1c3f0 JavaThread "jar transforms Thread 6" [_thread_blocked, id=29584, stack(0x000000f2fe700000,0x000000f2fe800000)]
  0x000002dff9d1fba0 JavaThread "pool-3-thread-1" [_thread_blocked, id=26464, stack(0x000000f2fe800000,0x000000f2fe900000)]
  0x000002dff9d1dd40 JavaThread "build event listener" [_thread_blocked, id=16132, stack(0x000000f2fe900000,0x000000f2fea00000)]
  0x000002dff9d1e250 JavaThread "included builds" [_thread_blocked, id=39500, stack(0x000000f2fea00000,0x000000f2feb00000)]
  0x000002dff9d20fe0 JavaThread "Execution worker" [_thread_blocked, id=31644, stack(0x000000f2feb00000,0x000000f2fec00000)]
  0x000002dff9d200b0 JavaThread "Execution worker Thread 2" [_thread_blocked, id=38236, stack(0x000000f2fec00000,0x000000f2fed00000)]
  0x000002dff9d205c0 JavaThread "Execution worker Thread 3" [_thread_blocked, id=12720, stack(0x000000f2fed00000,0x000000f2fee00000)]
  0x000002dff9d20ad0 JavaThread "Execution worker Thread 4" [_thread_in_Java, id=26244, stack(0x000000f2fee00000,0x000000f2fef00000)]
  0x000002dff9d214f0 JavaThread "Execution worker Thread 5" [_thread_blocked, id=16356, stack(0x000000f2fef00000,0x000000f2ff000000)]
  0x000002dff9d21a00 JavaThread "Execution worker Thread 6" [_thread_blocked, id=20968, stack(0x000000f2ff000000,0x000000f2ff100000)]
  0x000002dff9e3ac60 JavaThread "Execution worker Thread 7" [_thread_blocked, id=34200, stack(0x000000f2ff100000,0x000000f2ff200000)]
  0x000002dff9e3b170 JavaThread "Execution worker Thread 8" [_thread_blocked, id=25552, stack(0x000000f2ff200000,0x000000f2ff300000)]
  0x000002dff9e379c0 JavaThread "Execution worker Thread 9" [_thread_blocked, id=11752, stack(0x000000f2ff300000,0x000000f2ff400000)]
  0x000002dff9e3bb90 JavaThread "Execution worker Thread 10" [_thread_blocked, id=23220, stack(0x000000f2ff400000,0x000000f2ff500000)]
  0x000002dff9e3d9f0 JavaThread "Execution worker Thread 11" [_thread_blocked, id=20080, stack(0x000000f2ff500000,0x000000f2ff600000)]
  0x000002dff9e3cac0 JavaThread "Cache worker for execution history cache (C:\Users\Gerardo\OneDrive\Documentos\Iot-Proyecto\proyectoIot\.gradle\8.7\executionHistory)" [_thread_blocked, id=37720, stack(0x000000f2ff600000,0x000000f2ff700000)]
  0x000002dff9e3e920 JavaThread "Unconstrained build operations Thread 23" [_thread_blocked, id=26792, stack(0x000000f2ff700000,0x000000f2ff800000)]
  0x000002dff9e39820 JavaThread "Unconstrained build operations Thread 24" [_thread_blocked, id=29868, stack(0x000000f2ff800000,0x000000f2ff900000)]
  0x000002dff9e3df00 JavaThread "Unconstrained build operations Thread 25" [_thread_blocked, id=35292, stack(0x000000f2ff900000,0x000000f2ffa00000)]
  0x000002dff9e3ee30 JavaThread "Unconstrained build operations Thread 26" [_thread_blocked, id=18976, stack(0x000000f2ffa00000,0x000000f2ffb00000)]
  0x000002dff9e388f0 JavaThread "Unconstrained build operations Thread 27" [_thread_blocked, id=6940, stack(0x000000f2ffb00000,0x000000f2ffc00000)]
  0x000002dff9e37ed0 JavaThread "Unconstrained build operations Thread 28" [_thread_blocked, id=32848, stack(0x000000f2ffc00000,0x000000f2ffd00000)]
  0x000002dff9e3f340 JavaThread "Unconstrained build operations Thread 29" [_thread_blocked, id=1800, stack(0x000000f2ffd00000,0x000000f2ffe00000)]
  0x000002dff9e3b680 JavaThread "Unconstrained build operations Thread 30" [_thread_blocked, id=22712, stack(0x000000f2ffe00000,0x000000f2fff00000)]
  0x000002dff9e383e0 JavaThread "Unconstrained build operations Thread 31" [_thread_blocked, id=11992, stack(0x000000f2fff00000,0x000000f300000000)]
  0x000002dff9e3c0a0 JavaThread "Unconstrained build operations Thread 32" [_thread_blocked, id=15872, stack(0x000000f280000000,0x000000f280100000)]
  0x000002dff9e38e00 JavaThread "Unconstrained build operations Thread 33" [_thread_blocked, id=7324, stack(0x000000f280100000,0x000000f280200000)]
  0x000002dff9e3d4e0 JavaThread "Unconstrained build operations Thread 34" [_thread_blocked, id=34476, stack(0x000000f280200000,0x000000f280300000)]
  0x000002dff9e3c5b0 JavaThread "Unconstrained build operations Thread 35" [_thread_blocked, id=40720, stack(0x000000f280300000,0x000000f280400000)]
  0x000002dff9e39310 JavaThread "Unconstrained build operations Thread 36" [_thread_blocked, id=37716, stack(0x000000f280400000,0x000000f280500000)]
  0x000002dff9e3cfd0 JavaThread "Unconstrained build operations Thread 37" [_thread_blocked, id=39076, stack(0x000000f280500000,0x000000f280600000)]
  0x000002dff9e39d30 JavaThread "Unconstrained build operations Thread 38" [_thread_blocked, id=20916, stack(0x000000f280600000,0x000000f280700000)]
  0x000002dff9e3e410 JavaThread "Unconstrained build operations Thread 39" [_thread_blocked, id=15960, stack(0x000000f280700000,0x000000f280800000)]
  0x000002dff9e3a240 JavaThread "Unconstrained build operations Thread 40" [_thread_blocked, id=36072, stack(0x000000f280800000,0x000000f280900000)]
  0x000002dff9e3a750 JavaThread "Unconstrained build operations Thread 41" [_thread_blocked, id=35344, stack(0x000000f280900000,0x000000f280a00000)]
  0x000002df848b8970 JavaThread "Unconstrained build operations Thread 42" [_thread_blocked, id=12488, stack(0x000000f280a00000,0x000000f280b00000)]
  0x000002df848bb700 JavaThread "Unconstrained build operations Thread 43" [_thread_blocked, id=22268, stack(0x000000f280b00000,0x000000f280c00000)]
  0x000002df848b98a0 JavaThread "Unconstrained build operations Thread 44" [_thread_blocked, id=28432, stack(0x000000f280c00000,0x000000f280d00000)]

Other Threads:
  0x000002dff2153090 VMThread "VM Thread" [stack: 0x000000f2f9c00000,0x000000f2f9d00000] [id=34668]
  0x000002dfd7eb17f0 WatcherThread [stack: 0x000000f2fa800000,0x000000f2fa900000] [id=32488]
  0x000002dfd7f0c100 GCTaskThread "GC Thread#0" [stack: 0x000000f2f9700000,0x000000f2f9800000] [id=4520]
  0x000002dff701a7f0 GCTaskThread "GC Thread#1" [stack: 0x000000f2fa900000,0x000000f2faa00000] [id=25164]
  0x000002dff285f4e0 GCTaskThread "GC Thread#2" [stack: 0x000000f2faa00000,0x000000f2fab00000] [id=15532]
  0x000002dff73e5c20 GCTaskThread "GC Thread#3" [stack: 0x000000f2fab00000,0x000000f2fac00000] [id=26460]
  0x000002dff75dccc0 GCTaskThread "GC Thread#4" [stack: 0x000000f2fad00000,0x000000f2fae00000] [id=23492]
  0x000002dff72f6850 GCTaskThread "GC Thread#5" [stack: 0x000000f2fb700000,0x000000f2fb800000] [id=24820]
  0x000002dff72c5020 GCTaskThread "GC Thread#6" [stack: 0x000000f2fb800000,0x000000f2fb900000] [id=23688]
  0x000002dff839be70 GCTaskThread "GC Thread#7" [stack: 0x000000f2fb900000,0x000000f2fba00000] [id=9372]
  0x000002dff7e7e380 GCTaskThread "GC Thread#8" [stack: 0x000000f2fba00000,0x000000f2fbb00000] [id=22504]
  0x000002dff8749980 GCTaskThread "GC Thread#9" [stack: 0x000000f2fbb00000,0x000000f2fbc00000] [id=18504]
  0x000002dfd7f1d050 ConcurrentGCThread "G1 Main Marker" [stack: 0x000000f2f9800000,0x000000f2f9900000] [id=18668]
  0x000002dfd7f1da70 ConcurrentGCThread "G1 Conc#0" [stack: 0x000000f2f9900000,0x000000f2f9a00000] [id=13300]
  0x000002dff7e419a0 ConcurrentGCThread "G1 Conc#1" [stack: 0x000000f2fbc00000,0x000000f2fbd00000] [id=39860]
  0x000002dff8943a10 ConcurrentGCThread "G1 Conc#2" [stack: 0x000000f2fbd00000,0x000000f2fbe00000] [id=20196]
  0x000002dfd7f5e670 ConcurrentGCThread "G1 Refine#0" [stack: 0x000000f2f9a00000,0x000000f2f9b00000] [id=38528]
  0x000002dff1fc0660 ConcurrentGCThread "G1 Service" [stack: 0x000000f2f9b00000,0x000000f2f9c00000] [id=28272]

Threads with active compile tasks:
C2 CompilerThread0    19459 10959   !   4       com.sun.org.apache.xerces.internal.impl.XMLDocumentFragmentScannerImpl$FragmentContentDriver::next (2331 bytes)
C1 CompilerThread0    19459 11375       2       com.sun.org.apache.xerces.internal.dom.CoreDocumentImpl::isKidOK (63 bytes)

VM state: not at safepoint (normal execution)

VM Mutex/Monitor currently owned by a thread: None

Heap address: 0x0000000080000000, size: 2048 MB, Compressed Oops mode: 32-bit

CDS archive(s) not mapped
Compressed class space mapped at: 0x0000000100000000-0x0000000140000000, reserved size: 1073741824
Narrow klass base: 0x0000000000000000, Narrow klass shift: 3, Narrow klass range: 0x140000000

GC Precious Log:
 CPUs: 12 total, 12 available
 Memory: 7498M
 Large Page Support: Disabled
 NUMA Support: Disabled
 Compressed Oops: Enabled (32-bit)
 Heap Region Size: 1M
 Heap Min Capacity: 8M
 Heap Initial Capacity: 118M
 Heap Max Capacity: 2G
 Pre-touch: Disabled
 Parallel Workers: 10
 Concurrent Workers: 3
 Concurrent Refinement Workers: 10
 Periodic GC: Disabled

Heap:
 garbage-first heap   total 183296K, used 131748K [0x0000000080000000, 0x0000000100000000)
  region size 1024K, 47 young (48128K), 5 survivors (5120K)
 Metaspace       used 102902K, committed 103680K, reserved 1179648K
  class space    used 13941K, committed 14272K, reserved 1048576K

Heap Regions: E=young(eden), S=young(survivor), O=old, HS=humongous(starts), HC=humongous(continues), CS=collection set, F=free, OA=open archive, CA=closed archive, TAMS=top-at-mark-start (previous, next)
|   0|0x0000000080000000, 0x0000000080100000, 0x0000000080100000|100%|HS|  |TAMS 0x0000000080100000, 0x0000000080000000| Complete 
|   1|0x0000000080100000, 0x0000000080200000, 0x0000000080200000|100%|HC|  |TAMS 0x0000000080200000, 0x0000000080100000| Complete 
|   2|0x0000000080200000, 0x0000000080300000, 0x0000000080300000|100%|HC|  |TAMS 0x0000000080300000, 0x0000000080200000| Complete 
|   3|0x0000000080300000, 0x0000000080400000, 0x0000000080400000|100%|HC|  |TAMS 0x0000000080400000, 0x0000000080300000| Complete 
|   4|0x0000000080400000, 0x0000000080500000, 0x0000000080500000|100%| O|  |TAMS 0x0000000080500000, 0x0000000080400000| Untracked 
|   5|0x0000000080500000, 0x0000000080600000, 0x0000000080600000|100%| O|  |TAMS 0x0000000080600000, 0x0000000080500000| Untracked 
|   6|0x0000000080600000, 0x0000000080700000, 0x0000000080700000|100%| O|  |TAMS 0x0000000080700000, 0x0000000080600000| Untracked 
|   7|0x0000000080700000, 0x0000000080800000, 0x0000000080800000|100%| O|  |TAMS 0x0000000080800000, 0x0000000080700000| Untracked 
|   8|0x0000000080800000, 0x0000000080900000, 0x0000000080900000|100%| O|  |TAMS 0x0000000080900000, 0x0000000080800000| Untracked 
|   9|0x0000000080900000, 0x0000000080a00000, 0x0000000080a00000|100%| O|  |TAMS 0x0000000080a00000, 0x0000000080900000| Untracked 
|  10|0x0000000080a00000, 0x0000000080ab7c00, 0x0000000080b00000| 71%| O|  |TAMS 0x0000000080ab7c00, 0x0000000080a00000| Untracked 
|  11|0x0000000080b00000, 0x0000000080c00000, 0x0000000080c00000|100%| O|  |TAMS 0x0000000080c00000, 0x0000000080b00000| Untracked 
|  12|0x0000000080c00000, 0x0000000080d00000, 0x0000000080d00000|100%| O|  |TAMS 0x0000000080d00000, 0x0000000080c00000| Untracked 
|  13|0x0000000080d00000, 0x0000000080e00000, 0x0000000080e00000|100%| O|  |TAMS 0x0000000080e00000, 0x0000000080d00000| Untracked 
|  14|0x0000000080e00000, 0x0000000080f00000, 0x0000000080f00000|100%| O|  |TAMS 0x0000000080f00000, 0x0000000080e00000| Untracked 
|  15|0x0000000080f00000, 0x0000000081000000, 0x0000000081000000|100%| O|  |TAMS 0x0000000081000000, 0x0000000080f00000| Untracked 
|  16|0x0000000081000000, 0x0000000081100000, 0x0000000081100000|100%| O|  |TAMS 0x0000000081100000, 0x0000000081000000| Untracked 
|  17|0x0000000081100000, 0x0000000081200000, 0x0000000081200000|100%| O|  |TAMS 0x0000000081200000, 0x0000000081100000| Untracked 
|  18|0x0000000081200000, 0x0000000081300000, 0x0000000081300000|100%| O|  |TAMS 0x0000000081300000, 0x0000000081200000| Untracked 
|  19|0x0000000081300000, 0x0000000081400000, 0x0000000081400000|100%| O|  |TAMS 0x0000000081400000, 0x0000000081300000| Untracked 
|  20|0x0000000081400000, 0x0000000081500000, 0x0000000081500000|100%| O|  |TAMS 0x0000000081500000, 0x0000000081400000| Untracked 
|  21|0x0000000081500000, 0x0000000081600000, 0x0000000081600000|100%| O|  |TAMS 0x0000000081600000, 0x0000000081500000| Untracked 
|  22|0x0000000081600000, 0x0000000081700000, 0x0000000081700000|100%| O|  |TAMS 0x0000000081700000, 0x0000000081600000| Untracked 
|  23|0x0000000081700000, 0x0000000081800000, 0x0000000081800000|100%| O|  |TAMS 0x0000000081800000, 0x0000000081700000| Untracked 
|  24|0x0000000081800000, 0x0000000081900000, 0x0000000081900000|100%| O|  |TAMS 0x0000000081900000, 0x0000000081800000| Untracked 
|  25|0x0000000081900000, 0x0000000081a00000, 0x0000000081a00000|100%| O|  |TAMS 0x0000000081a00000, 0x0000000081900000| Untracked 
|  26|0x0000000081a00000, 0x0000000081b00000, 0x0000000081b00000|100%| O|  |TAMS 0x0000000081b00000, 0x0000000081a00000| Untracked 
|  27|0x0000000081b00000, 0x0000000081c00000, 0x0000000081c00000|100%| O|  |TAMS 0x0000000081c00000, 0x0000000081b00000| Untracked 
|  28|0x0000000081c00000, 0x0000000081d00000, 0x0000000081d00000|100%| O|  |TAMS 0x0000000081d00000, 0x0000000081c00000| Untracked 
|  29|0x0000000081d00000, 0x0000000081e00000, 0x0000000081e00000|100%| O|  |TAMS 0x0000000081e00000, 0x0000000081d00000| Untracked 
|  30|0x0000000081e00000, 0x0000000081f00000, 0x0000000081f00000|100%| O|  |TAMS 0x0000000081f00000, 0x0000000081e00000| Untracked 
|  31|0x0000000081f00000, 0x0000000082000000, 0x0000000082000000|100%| O|  |TAMS 0x0000000082000000, 0x0000000081f00000| Untracked 
|  32|0x0000000082000000, 0x0000000082100000, 0x0000000082100000|100%| O|  |TAMS 0x0000000082100000, 0x0000000082000000| Untracked 
|  33|0x0000000082100000, 0x0000000082200000, 0x0000000082200000|100%| O|  |TAMS 0x0000000082200000, 0x0000000082100000| Untracked 
|  34|0x0000000082200000, 0x0000000082300000, 0x0000000082300000|100%| O|  |TAMS 0x0000000082300000, 0x0000000082200000| Untracked 
|  35|0x0000000082300000, 0x0000000082400000, 0x0000000082400000|100%| O|  |TAMS 0x0000000082400000, 0x0000000082300000| Untracked 
|  36|0x0000000082400000, 0x0000000082500000, 0x0000000082500000|100%| O|  |TAMS 0x0000000082500000, 0x0000000082400000| Untracked 
|  37|0x0000000082500000, 0x0000000082600000, 0x0000000082600000|100%| O|  |TAMS 0x0000000082600000, 0x0000000082500000| Untracked 
|  38|0x0000000082600000, 0x0000000082700000, 0x0000000082700000|100%| O|  |TAMS 0x0000000082700000, 0x0000000082600000| Untracked 
|  39|0x0000000082700000, 0x0000000082800000, 0x0000000082800000|100%| O|  |TAMS 0x0000000082800000, 0x0000000082700000| Untracked 
|  40|0x0000000082800000, 0x0000000082900000, 0x0000000082900000|100%| O|  |TAMS 0x0000000082900000, 0x0000000082800000| Untracked 
|  41|0x0000000082900000, 0x0000000082a00000, 0x0000000082a00000|100%| O|  |TAMS 0x0000000082a00000, 0x0000000082900000| Untracked 
|  42|0x0000000082a00000, 0x0000000082b00000, 0x0000000082b00000|100%| O|  |TAMS 0x0000000082b00000, 0x0000000082a00000| Untracked 
|  43|0x0000000082b00000, 0x0000000082c00000, 0x0000000082c00000|100%|HS|  |TAMS 0x0000000082c00000, 0x0000000082b00000| Complete 
|  44|0x0000000082c00000, 0x0000000082d00000, 0x0000000082d00000|100%|HS|  |TAMS 0x0000000082d00000, 0x0000000082c00000| Complete 
|  45|0x0000000082d00000, 0x0000000082e00000, 0x0000000082e00000|100%| O|  |TAMS 0x0000000082e00000, 0x0000000082d00000| Untracked 
|  46|0x0000000082e00000, 0x0000000082f00000, 0x0000000082f00000|100%|HS|  |TAMS 0x0000000082f00000, 0x0000000082e00000| Complete 
|  47|0x0000000082f00000, 0x0000000083000000, 0x0000000083000000|100%| O|  |TAMS 0x0000000083000000, 0x0000000082f00000| Untracked 
|  48|0x0000000083000000, 0x0000000083100000, 0x0000000083100000|100%| O|  |TAMS 0x0000000083100000, 0x0000000083000000| Untracked 
|  49|0x0000000083100000, 0x0000000083200000, 0x0000000083200000|100%|HS|  |TAMS 0x0000000083200000, 0x0000000083100000| Complete 
|  50|0x0000000083200000, 0x0000000083300000, 0x0000000083300000|100%|HS|  |TAMS 0x0000000083300000, 0x0000000083200000| Complete 
|  51|0x0000000083300000, 0x0000000083400000, 0x0000000083400000|100%| O|  |TAMS 0x0000000083400000, 0x0000000083300000| Untracked 
|  52|0x0000000083400000, 0x0000000083500000, 0x0000000083500000|100%| O|  |TAMS 0x0000000083500000, 0x0000000083400000| Untracked 
|  53|0x0000000083500000, 0x0000000083600000, 0x0000000083600000|100%|HS|  |TAMS 0x0000000083600000, 0x0000000083500000| Complete 
|  54|0x0000000083600000, 0x0000000083700000, 0x0000000083700000|100%| O|  |TAMS 0x0000000083700000, 0x0000000083600000| Untracked 
|  55|0x0000000083700000, 0x0000000083800000, 0x0000000083800000|100%| O|  |TAMS 0x0000000083800000, 0x0000000083700000| Untracked 
|  56|0x0000000083800000, 0x0000000083900000, 0x0000000083900000|100%| O|  |TAMS 0x0000000083900000, 0x0000000083800000| Untracked 
|  57|0x0000000083900000, 0x0000000083a00000, 0x0000000083a00000|100%| O|  |TAMS 0x0000000083a00000, 0x0000000083900000| Untracked 
|  58|0x0000000083a00000, 0x0000000083b00000, 0x0000000083b00000|100%| O|  |TAMS 0x0000000083b00000, 0x0000000083a00000| Untracked 
|  59|0x0000000083b00000, 0x0000000083c00000, 0x0000000083c00000|100%|HS|  |TAMS 0x0000000083c00000, 0x0000000083b00000| Complete 
|  60|0x0000000083c00000, 0x0000000083d00000, 0x0000000083d00000|100%| O|  |TAMS 0x0000000083d00000, 0x0000000083c00000| Untracked 
|  61|0x0000000083d00000, 0x0000000083e00000, 0x0000000083e00000|100%| O|  |TAMS 0x0000000083e00000, 0x0000000083d00000| Untracked 
|  62|0x0000000083e00000, 0x0000000083f00000, 0x0000000083f00000|100%| O|  |TAMS 0x0000000083f00000, 0x0000000083e00000| Untracked 
|  63|0x0000000083f00000, 0x0000000084000000, 0x0000000084000000|100%| O|  |TAMS 0x0000000084000000, 0x0000000083f00000| Untracked 
|  64|0x0000000084000000, 0x0000000084100000, 0x0000000084100000|100%| O|  |TAMS 0x0000000084100000, 0x0000000084000000| Untracked 
|  65|0x0000000084100000, 0x0000000084200000, 0x0000000084200000|100%| O|  |TAMS 0x0000000084200000, 0x0000000084100000| Untracked 
|  66|0x0000000084200000, 0x0000000084300000, 0x0000000084300000|100%| O|  |TAMS 0x0000000084300000, 0x0000000084200000| Untracked 
|  67|0x0000000084300000, 0x0000000084400000, 0x0000000084400000|100%| O|  |TAMS 0x0000000084400000, 0x0000000084300000| Untracked 
|  68|0x0000000084400000, 0x0000000084500000, 0x0000000084500000|100%| O|  |TAMS 0x0000000084500000, 0x0000000084400000| Untracked 
|  69|0x0000000084500000, 0x0000000084600000, 0x0000000084600000|100%| O|  |TAMS 0x0000000084600000, 0x0000000084500000| Untracked 
|  70|0x0000000084600000, 0x0000000084700000, 0x0000000084700000|100%| O|  |TAMS 0x0000000084700000, 0x0000000084600000| Untracked 
|  71|0x0000000084700000, 0x0000000084800000, 0x0000000084800000|100%| O|  |TAMS 0x0000000084800000, 0x0000000084700000| Untracked 
|  72|0x0000000084800000, 0x0000000084900000, 0x0000000084900000|100%|HS|  |TAMS 0x0000000084800000, 0x0000000084800000| Complete 
|  73|0x0000000084900000, 0x0000000084a00000, 0x0000000084a00000|100%|HC|  |TAMS 0x0000000084900000, 0x0000000084900000| Complete 
|  74|0x0000000084a00000, 0x0000000084a00000, 0x0000000084b00000|  0%| F|  |TAMS 0x0000000084a00000, 0x0000000084a00000| Untracked 
|  75|0x0000000084b00000, 0x0000000084b00000, 0x0000000084c00000|  0%| F|  |TAMS 0x0000000084b00000, 0x0000000084b00000| Untracked 
|  76|0x0000000084c00000, 0x0000000084c00000, 0x0000000084d00000|  0%| F|  |TAMS 0x0000000084c00000, 0x0000000084c00000| Untracked 
|  77|0x0000000084d00000, 0x0000000084e00000, 0x0000000084e00000|100%| O|  |TAMS 0x0000000084e00000, 0x0000000084d00000| Untracked 
|  78|0x0000000084e00000, 0x0000000084f00000, 0x0000000084f00000|100%| O|  |TAMS 0x0000000084f00000, 0x0000000084e00000| Untracked 
|  79|0x0000000084f00000, 0x0000000085000000, 0x0000000085000000|100%| O|  |TAMS 0x0000000085000000, 0x0000000084f00000| Untracked 
|  80|0x0000000085000000, 0x0000000085100000, 0x0000000085100000|100%| O|  |TAMS 0x0000000085100000, 0x0000000085000000| Untracked 
|  81|0x0000000085100000, 0x0000000085200000, 0x0000000085200000|100%| O|  |TAMS 0x0000000085200000, 0x0000000085100000| Untracked 
|  82|0x0000000085200000, 0x0000000085300000, 0x0000000085300000|100%| O|  |TAMS 0x0000000085300000, 0x0000000085200000| Untracked 
|  83|0x0000000085300000, 0x0000000085400000, 0x0000000085400000|100%| O|  |TAMS 0x0000000085400000, 0x0000000085300000| Untracked 
|  84|0x0000000085400000, 0x0000000085500000, 0x0000000085500000|100%| O|  |TAMS 0x0000000085500000, 0x0000000085400000| Untracked 
|  85|0x0000000085500000, 0x0000000085600000, 0x0000000085600000|100%| O|  |TAMS 0x0000000085600000, 0x0000000085500000| Untracked 
|  86|0x0000000085600000, 0x000000008560fe00, 0x0000000085700000|  6%| O|  |TAMS 0x000000008560fe00, 0x0000000085600000| Untracked 
|  87|0x0000000085700000, 0x0000000085700000, 0x0000000085800000|  0%| F|  |TAMS 0x0000000085700000, 0x0000000085700000| Untracked 
|  88|0x0000000085800000, 0x0000000085800000, 0x0000000085900000|  0%| F|  |TAMS 0x0000000085800000, 0x0000000085800000| Untracked 
|  89|0x0000000085900000, 0x0000000085900000, 0x0000000085a00000|  0%| F|  |TAMS 0x0000000085900000, 0x0000000085900000| Untracked 
|  90|0x0000000085a00000, 0x0000000085a00000, 0x0000000085b00000|  0%| F|  |TAMS 0x0000000085a00000, 0x0000000085a00000| Untracked 
|  91|0x0000000085b00000, 0x0000000085b00000, 0x0000000085c00000|  0%| F|  |TAMS 0x0000000085b00000, 0x0000000085b00000| Untracked 
|  92|0x0000000085c00000, 0x0000000085c00000, 0x0000000085d00000|  0%| F|  |TAMS 0x0000000085c00000, 0x0000000085c00000| Untracked 
|  93|0x0000000085d00000, 0x0000000085d00000, 0x0000000085e00000|  0%| F|  |TAMS 0x0000000085d00000, 0x0000000085d00000| Untracked 
|  94|0x0000000085e00000, 0x0000000085e00000, 0x0000000085f00000|  0%| F|  |TAMS 0x0000000085e00000, 0x0000000085e00000| Untracked 
|  95|0x0000000085f00000, 0x0000000085f00000, 0x0000000086000000|  0%| F|  |TAMS 0x0000000085f00000, 0x0000000085f00000| Untracked 
|  96|0x0000000086000000, 0x0000000086000000, 0x0000000086100000|  0%| F|  |TAMS 0x0000000086000000, 0x0000000086000000| Untracked 
|  97|0x0000000086100000, 0x0000000086100000, 0x0000000086200000|  0%| F|  |TAMS 0x0000000086100000, 0x0000000086100000| Untracked 
|  98|0x0000000086200000, 0x0000000086200000, 0x0000000086300000|  0%| F|  |TAMS 0x0000000086200000, 0x0000000086200000| Untracked 
|  99|0x0000000086300000, 0x0000000086300000, 0x0000000086400000|  0%| F|  |TAMS 0x0000000086300000, 0x0000000086300000| Untracked 
| 100|0x0000000086400000, 0x0000000086400000, 0x0000000086500000|  0%| F|  |TAMS 0x0000000086400000, 0x0000000086400000| Untracked 
| 101|0x0000000086500000, 0x0000000086500000, 0x0000000086600000|  0%| F|  |TAMS 0x0000000086500000, 0x0000000086500000| Untracked 
| 102|0x0000000086600000, 0x0000000086600000, 0x0000000086700000|  0%| F|  |TAMS 0x0000000086600000, 0x0000000086600000| Untracked 
| 103|0x0000000086700000, 0x0000000086700000, 0x0000000086800000|  0%| F|  |TAMS 0x0000000086700000, 0x0000000086700000| Untracked 
| 104|0x0000000086800000, 0x0000000086800000, 0x0000000086900000|  0%| F|  |TAMS 0x0000000086800000, 0x0000000086800000| Untracked 
| 105|0x0000000086900000, 0x0000000086900000, 0x0000000086a00000|  0%| F|  |TAMS 0x0000000086900000, 0x0000000086900000| Untracked 
| 106|0x0000000086a00000, 0x0000000086a00000, 0x0000000086b00000|  0%| F|  |TAMS 0x0000000086a00000, 0x0000000086a00000| Untracked 
| 107|0x0000000086b00000, 0x0000000086b00000, 0x0000000086c00000|  0%| F|  |TAMS 0x0000000086b00000, 0x0000000086b00000| Untracked 
| 108|0x0000000086c00000, 0x0000000086c00000, 0x0000000086d00000|  0%| F|  |TAMS 0x0000000086c00000, 0x0000000086c00000| Untracked 
| 109|0x0000000086d00000, 0x0000000086d00000, 0x0000000086e00000|  0%| F|  |TAMS 0x0000000086d00000, 0x0000000086d00000| Untracked 
| 110|0x0000000086e00000, 0x0000000086e00000, 0x0000000086f00000|  0%| F|  |TAMS 0x0000000086e00000, 0x0000000086e00000| Untracked 
| 111|0x0000000086f00000, 0x0000000086f00000, 0x0000000087000000|  0%| F|  |TAMS 0x0000000086f00000, 0x0000000086f00000| Untracked 
| 112|0x0000000087000000, 0x0000000087000000, 0x0000000087100000|  0%| F|  |TAMS 0x0000000087000000, 0x0000000087000000| Untracked 
| 113|0x0000000087100000, 0x0000000087100000, 0x0000000087200000|  0%| F|  |TAMS 0x0000000087100000, 0x0000000087100000| Untracked 
| 114|0x0000000087200000, 0x0000000087200000, 0x0000000087300000|  0%| F|  |TAMS 0x0000000087200000, 0x0000000087200000| Untracked 
| 115|0x0000000087300000, 0x0000000087300000, 0x0000000087400000|  0%| F|  |TAMS 0x0000000087300000, 0x0000000087300000| Untracked 
| 116|0x0000000087400000, 0x0000000087400000, 0x0000000087500000|  0%| F|  |TAMS 0x0000000087400000, 0x0000000087400000| Untracked 
| 117|0x0000000087500000, 0x0000000087500000, 0x0000000087600000|  0%| F|  |TAMS 0x0000000087500000, 0x0000000087500000| Untracked 
| 118|0x0000000087600000, 0x0000000087600000, 0x0000000087700000|  0%| F|  |TAMS 0x0000000087600000, 0x0000000087600000| Untracked 
| 119|0x0000000087700000, 0x0000000087700000, 0x0000000087800000|  0%| F|  |TAMS 0x0000000087700000, 0x0000000087700000| Untracked 
| 120|0x0000000087800000, 0x0000000087800000, 0x0000000087900000|  0%| F|  |TAMS 0x0000000087800000, 0x0000000087800000| Untracked 
| 121|0x0000000087900000, 0x0000000087900000, 0x0000000087a00000|  0%| F|  |TAMS 0x0000000087900000, 0x0000000087900000| Untracked 
| 122|0x0000000087a00000, 0x0000000087a00000, 0x0000000087b00000|  0%| F|  |TAMS 0x0000000087a00000, 0x0000000087a00000| Untracked 
| 123|0x0000000087b00000, 0x0000000087b00000, 0x0000000087c00000|  0%| F|  |TAMS 0x0000000087b00000, 0x0000000087b00000| Untracked 
| 124|0x0000000087c00000, 0x0000000087c00000, 0x0000000087d00000|  0%| F|  |TAMS 0x0000000087c00000, 0x0000000087c00000| Untracked 
| 125|0x0000000087d00000, 0x0000000087d00000, 0x0000000087e00000|  0%| F|  |TAMS 0x0000000087d00000, 0x0000000087d00000| Untracked 
| 126|0x0000000087e00000, 0x0000000087e00000, 0x0000000087f00000|  0%| F|  |TAMS 0x0000000087e00000, 0x0000000087e00000| Untracked 
| 127|0x0000000087f00000, 0x0000000087f00000, 0x0000000088000000|  0%| F|  |TAMS 0x0000000087f00000, 0x0000000087f00000| Untracked 
| 128|0x0000000088000000, 0x0000000088000000, 0x0000000088100000|  0%| F|  |TAMS 0x0000000088000000, 0x0000000088000000| Untracked 
| 129|0x0000000088100000, 0x0000000088100000, 0x0000000088200000|  0%| F|  |TAMS 0x0000000088100000, 0x0000000088100000| Untracked 
| 130|0x0000000088200000, 0x0000000088200000, 0x0000000088300000|  0%| F|  |TAMS 0x0000000088200000, 0x0000000088200000| Untracked 
| 131|0x0000000088300000, 0x0000000088300000, 0x0000000088400000|  0%| F|  |TAMS 0x0000000088300000, 0x0000000088300000| Untracked 
| 132|0x0000000088400000, 0x0000000088500000, 0x0000000088500000|100%| E|  |TAMS 0x0000000088400000, 0x0000000088400000| Complete 
| 133|0x0000000088500000, 0x0000000088600000, 0x0000000088600000|100%| E|CS|TAMS 0x0000000088500000, 0x0000000088500000| Complete 
| 134|0x0000000088600000, 0x0000000088700000, 0x0000000088700000|100%| E|CS|TAMS 0x0000000088600000, 0x0000000088600000| Complete 
| 135|0x0000000088700000, 0x0000000088800000, 0x0000000088800000|100%| E|CS|TAMS 0x0000000088700000, 0x0000000088700000| Complete 
| 136|0x0000000088800000, 0x0000000088900000, 0x0000000088900000|100%| E|CS|TAMS 0x0000000088800000, 0x0000000088800000| Complete 
| 137|0x0000000088900000, 0x0000000088a00000, 0x0000000088a00000|100%| E|CS|TAMS 0x0000000088900000, 0x0000000088900000| Complete 
| 138|0x0000000088a00000, 0x0000000088b00000, 0x0000000088b00000|100%| E|CS|TAMS 0x0000000088a00000, 0x0000000088a00000| Complete 
| 139|0x0000000088b00000, 0x0000000088c00000, 0x0000000088c00000|100%| E|CS|TAMS 0x0000000088b00000, 0x0000000088b00000| Complete 
| 140|0x0000000088c00000, 0x0000000088d00000, 0x0000000088d00000|100%| E|CS|TAMS 0x0000000088c00000, 0x0000000088c00000| Complete 
| 141|0x0000000088d00000, 0x0000000088e00000, 0x0000000088e00000|100%| E|CS|TAMS 0x0000000088d00000, 0x0000000088d00000| Complete 
| 142|0x0000000088e00000, 0x0000000088f00000, 0x0000000088f00000|100%| E|CS|TAMS 0x0000000088e00000, 0x0000000088e00000| Complete 
| 143|0x0000000088f00000, 0x0000000089000000, 0x0000000089000000|100%| E|CS|TAMS 0x0000000088f00000, 0x0000000088f00000| Complete 
| 144|0x0000000089000000, 0x0000000089100000, 0x0000000089100000|100%| E|CS|TAMS 0x0000000089000000, 0x0000000089000000| Complete 
| 145|0x0000000089100000, 0x0000000089200000, 0x0000000089200000|100%| E|CS|TAMS 0x0000000089100000, 0x0000000089100000| Complete 
| 146|0x0000000089200000, 0x0000000089300000, 0x0000000089300000|100%| E|CS|TAMS 0x0000000089200000, 0x0000000089200000| Complete 
| 147|0x0000000089300000, 0x0000000089400000, 0x0000000089400000|100%| E|CS|TAMS 0x0000000089300000, 0x0000000089300000| Complete 
| 148|0x0000000089400000, 0x0000000089500000, 0x0000000089500000|100%| E|CS|TAMS 0x0000000089400000, 0x0000000089400000| Complete 
| 149|0x0000000089500000, 0x0000000089600000, 0x0000000089600000|100%| E|CS|TAMS 0x0000000089500000, 0x0000000089500000| Complete 
| 150|0x0000000089600000, 0x0000000089700000, 0x0000000089700000|100%| E|CS|TAMS 0x0000000089600000, 0x0000000089600000| Complete 
| 151|0x0000000089700000, 0x0000000089800000, 0x0000000089800000|100%| E|CS|TAMS 0x0000000089700000, 0x0000000089700000| Complete 
| 152|0x0000000089800000, 0x00000000898e1890, 0x0000000089900000| 88%| S|CS|TAMS 0x0000000089800000, 0x0000000089800000| Complete 
| 153|0x0000000089900000, 0x0000000089a00000, 0x0000000089a00000|100%| S|CS|TAMS 0x0000000089900000, 0x0000000089900000| Complete 
| 154|0x0000000089a00000, 0x0000000089b00000, 0x0000000089b00000|100%| S|CS|TAMS 0x0000000089a00000, 0x0000000089a00000| Complete 
| 155|0x0000000089b00000, 0x0000000089c00000, 0x0000000089c00000|100%| S|CS|TAMS 0x0000000089b00000, 0x0000000089b00000| Complete 
| 156|0x0000000089c00000, 0x0000000089d00000, 0x0000000089d00000|100%| S|CS|TAMS 0x0000000089c00000, 0x0000000089c00000| Complete 
| 157|0x0000000089d00000, 0x0000000089e00000, 0x0000000089e00000|100%| E|CS|TAMS 0x0000000089d00000, 0x0000000089d00000| Complete 
| 158|0x0000000089e00000, 0x0000000089f00000, 0x0000000089f00000|100%| E|CS|TAMS 0x0000000089e00000, 0x0000000089e00000| Complete 
| 159|0x0000000089f00000, 0x000000008a000000, 0x000000008a000000|100%| E|CS|TAMS 0x0000000089f00000, 0x0000000089f00000| Complete 
| 160|0x000000008a000000, 0x000000008a100000, 0x000000008a100000|100%| E|CS|TAMS 0x000000008a000000, 0x000000008a000000| Complete 
| 161|0x000000008a100000, 0x000000008a200000, 0x000000008a200000|100%| E|CS|TAMS 0x000000008a100000, 0x000000008a100000| Complete 
| 162|0x000000008a200000, 0x000000008a300000, 0x000000008a300000|100%| E|CS|TAMS 0x000000008a200000, 0x000000008a200000| Complete 
| 163|0x000000008a300000, 0x000000008a400000, 0x000000008a400000|100%| E|CS|TAMS 0x000000008a300000, 0x000000008a300000| Complete 
| 164|0x000000008a400000, 0x000000008a500000, 0x000000008a500000|100%| E|CS|TAMS 0x000000008a400000, 0x000000008a400000| Complete 
| 165|0x000000008a500000, 0x000000008a600000, 0x000000008a600000|100%| E|CS|TAMS 0x000000008a500000, 0x000000008a500000| Complete 
| 166|0x000000008a600000, 0x000000008a700000, 0x000000008a700000|100%| E|CS|TAMS 0x000000008a600000, 0x000000008a600000| Complete 
| 167|0x000000008a700000, 0x000000008a800000, 0x000000008a800000|100%| E|CS|TAMS 0x000000008a700000, 0x000000008a700000| Complete 
| 168|0x000000008a800000, 0x000000008a900000, 0x000000008a900000|100%| E|CS|TAMS 0x000000008a800000, 0x000000008a800000| Complete 
| 169|0x000000008a900000, 0x000000008aa00000, 0x000000008aa00000|100%| E|CS|TAMS 0x000000008a900000, 0x000000008a900000| Complete 
| 170|0x000000008aa00000, 0x000000008ab00000, 0x000000008ab00000|100%| E|CS|TAMS 0x000000008aa00000, 0x000000008aa00000| Complete 
| 171|0x000000008ab00000, 0x000000008ac00000, 0x000000008ac00000|100%| E|CS|TAMS 0x000000008ab00000, 0x000000008ab00000| Complete 
| 172|0x000000008ac00000, 0x000000008ad00000, 0x000000008ad00000|100%| E|CS|TAMS 0x000000008ac00000, 0x000000008ac00000| Complete 
| 173|0x000000008ad00000, 0x000000008ae00000, 0x000000008ae00000|100%| E|CS|TAMS 0x000000008ad00000, 0x000000008ad00000| Complete 
| 174|0x000000008ae00000, 0x000000008af00000, 0x000000008af00000|100%| E|CS|TAMS 0x000000008ae00000, 0x000000008ae00000| Complete 
| 175|0x000000008af00000, 0x000000008b000000, 0x000000008b000000|100%| E|CS|TAMS 0x000000008af00000, 0x000000008af00000| Complete 
| 176|0x000000008b000000, 0x000000008b100000, 0x000000008b100000|100%| E|CS|TAMS 0x000000008b000000, 0x000000008b000000| Complete 
| 177|0x000000008b100000, 0x000000008b200000, 0x000000008b200000|100%| E|CS|TAMS 0x000000008b100000, 0x000000008b100000| Complete 
| 178|0x000000008b200000, 0x000000008b300000, 0x000000008b300000|100%| E|CS|TAMS 0x000000008b200000, 0x000000008b200000| Complete 

Card table byte_map: [0x000002dfeacd0000,0x000002dfeb0d0000] _byte_map_base: 0x000002dfea8d0000

Marking Bits (Prev, Next): (CMBitMap*) 0x000002dfd7f0c720, (CMBitMap*) 0x000002dfd7f0c760
 Prev Bits: [0x000002dfeb4d0000, 0x000002dfed4d0000)
 Next Bits: [0x000002dfed4d0000, 0x000002dfef4d0000)

Polling page: 0x000002dfd5df0000

Metaspace:

Usage:
  Non-class:     86.88 MB used.
      Class:     13.61 MB used.
       Both:    100.49 MB used.

Virtual space:
  Non-class space:      128.00 MB reserved,      87.31 MB ( 68%) committed,  2 nodes.
      Class space:        1.00 GB reserved,      13.94 MB (  1%) committed,  1 nodes.
             Both:        1.12 GB reserved,     101.25 MB (  9%) committed. 

Chunk freelists:
   Non-Class:  8.67 MB
       Class:  2.00 MB
        Both:  10.67 MB

MaxMetaspaceSize: unlimited
CompressedClassSpaceSize: 1.00 GB
Initial GC threshold: 21.00 MB
Current GC threshold: 166.25 MB
CDS: off
MetaspaceReclaimPolicy: balanced
 - commit_granule_bytes: 65536.
 - commit_granule_words: 8192.
 - virtual_space_node_default_size: 8388608.
 - enlarge_chunks_in_place: 1.
 - new_chunks_are_fully_committed: 0.
 - uncommit_free_chunks: 1.
 - use_allocation_guard: 0.
 - handle_deallocations: 1.


Internal statistics:

num_allocs_failed_limit: 9.
num_arena_births: 1020.
num_arena_deaths: 0.
num_vsnodes_births: 3.
num_vsnodes_deaths: 0.
num_space_committed: 1619.
num_space_uncommitted: 0.
num_chunks_returned_to_freelist: 9.
num_chunks_taken_from_freelist: 4801.
num_chunk_merges: 9.
num_chunk_splits: 3134.
num_chunks_enlarged: 2072.
num_inconsistent_stats: 0.

CodeHeap 'non-profiled nmethods': size=120000Kb used=4576Kb max_used=4576Kb free=115424Kb
 bounds [0x000002dfe2e50000, 0x000002dfe32d0000, 0x000002dfea380000]
CodeHeap 'profiled nmethods': size=120000Kb used=19561Kb max_used=19561Kb free=100438Kb
 bounds [0x000002dfdb380000, 0x000002dfdc6a0000, 0x000002dfe28b0000]
CodeHeap 'non-nmethods': size=5760Kb used=2420Kb max_used=2462Kb free=3339Kb
 bounds [0x000002dfe28b0000, 0x000002dfe2b20000, 0x000002dfe2e50000]
 total_blobs=11264 nmethods=10308 adapters=868
 compilation: enabled
              stopped_count=0, restarted_count=0
 full_count=0

Compilation events (20 events):
Event: 19.351 Thread 0x000002dff22ec9f0 11309   !   2       com.android.ide.common.resources.MergedResourceWriter::addItem (199 bytes)
Event: 19.352 Thread 0x000002dff22ec9f0 nmethod 11309 0x000002dfdc65c390 code [0x000002dfdc65c620, 0x000002dfdc65cd28]
Event: 19.352 Thread 0x000002dff22ec9f0 11306       2       com.android.ide.common.resources.MergedResourceWriter::ignoreItemInMerge (9 bytes)
Event: 19.352 Thread 0x000002dff22ec9f0 nmethod 11306 0x000002dfdc65d390 code [0x000002dfdc65d520, 0x000002dfdc65d678]
Event: 19.352 Thread 0x000002dff22ec9f0 11310       2       com.android.ide.common.resources.DataItem::isWritten (16 bytes)
Event: 19.352 Thread 0x000002dff22ec9f0 nmethod 11310 0x000002dfdc65d790 code [0x000002dfdc65d920, 0x000002dfdc65da38]
Event: 19.352 Thread 0x000002dff22ec9f0 11311       2       com.android.ide.common.resources.ResourceMerger::filterAccept (9 bytes)
Event: 19.353 Thread 0x000002dff22ec9f0 nmethod 11311 0x000002dfdc65db10 code [0x000002dfdc65dca0, 0x000002dfdc65dde8]
Event: 19.353 Thread 0x000002dff22ec9f0 11312       2       com.android.ide.common.resources.ResourceMerger::filterAccept (36 bytes)
Event: 19.353 Thread 0x000002dff22ec9f0 nmethod 11312 0x000002dfdc65de90 code [0x000002dfdc65e040, 0x000002dfdc65e1e8]
Event: 19.368 Thread 0x000002dff22ec9f0 11314 % !   3       com.android.ide.common.resources.DataMerger::mergeData @ 247 (611 bytes)
Event: 19.374 Thread 0x000002dff22ec9f0 nmethod 11314% 0x000002dfdc65e310 code [0x000002dfdc65eb60, 0x000002dfdc664848]
Event: 19.375 Thread 0x000002dff22ec9f0 11315   !   3       com.android.ide.common.resources.DataMerger::mergeData (611 bytes)
Event: 19.380 Thread 0x000002dff22ec9f0 nmethod 11315 0x000002dfdc667190 code [0x000002dfdc6679e0, 0x000002dfdc66d0d8]
Event: 19.392 Thread 0x000002dff22ec9f0 11316       1       com.android.ide.common.resources.ResourceMergerItem::getLibraryName (5 bytes)
Event: 19.392 Thread 0x000002dff22ec9f0 nmethod 11316 0x000002dfe32c6210 code [0x000002dfe32c63a0, 0x000002dfe32c6478]
Event: 19.392 Thread 0x000002dff22ec9f0 11317       1       com.android.ide.common.resources.ResourceMergerItem::getNamespace (5 bytes)
Event: 19.392 Thread 0x000002dff22ec9f0 nmethod 11317 0x000002dfe32c6510 code [0x000002dfe32c66a0, 0x000002dfe32c6778]
Event: 19.392 Thread 0x000002dff22ec9f0 11318       1       com.android.ide.common.resources.MergedResourceMergerItem::getQualifiers (5 bytes)
Event: 19.393 Thread 0x000002dff22ec9f0 nmethod 11318 0x000002dfe32c6810 code [0x000002dfe32c69a0, 0x000002dfe32c6a78]

GC Heap History (20 events):
Event: 12.810 GC heap before
{Heap before GC invocations=31 (full 0):
 garbage-first heap   total 137216K, used 107169K [0x0000000080000000, 0x0000000100000000)
  region size 1024K, 46 young (47104K), 6 survivors (6144K)
 Metaspace       used 77292K, committed 77824K, reserved 1179648K
  class space    used 10293K, committed 10496K, reserved 1048576K
}
Event: 12.816 GC heap after
{Heap after GC invocations=32 (full 0):
 garbage-first heap   total 137216K, used 65637K [0x0000000080000000, 0x0000000100000000)
  region size 1024K, 6 young (6144K), 6 survivors (6144K)
 Metaspace       used 77292K, committed 77824K, reserved 1179648K
  class space    used 10293K, committed 10496K, reserved 1048576K
}
Event: 13.273 GC heap before
{Heap before GC invocations=32 (full 0):
 garbage-first heap   total 137216K, used 104549K [0x0000000080000000, 0x0000000100000000)
  region size 1024K, 44 young (45056K), 6 survivors (6144K)
 Metaspace       used 79376K, committed 80064K, reserved 1179648K
  class space    used 10572K, committed 10880K, reserved 1048576K
}
Event: 13.278 GC heap after
{Heap after GC invocations=33 (full 0):
 garbage-first heap   total 137216K, used 68466K [0x0000000080000000, 0x0000000100000000)
  region size 1024K, 3 young (3072K), 3 survivors (3072K)
 Metaspace       used 79376K, committed 80064K, reserved 1179648K
  class space    used 10572K, committed 10880K, reserved 1048576K
}
Event: 13.649 GC heap before
{Heap before GC invocations=33 (full 0):
 garbage-first heap   total 137216K, used 106354K [0x0000000080000000, 0x0000000100000000)
  region size 1024K, 40 young (40960K), 3 survivors (3072K)
 Metaspace       used 80479K, committed 81088K, reserved 1179648K
  class space    used 10704K, committed 11008K, reserved 1048576K
}
Event: 13.654 GC heap after
{Heap after GC invocations=34 (full 0):
 garbage-first heap   total 137216K, used 70416K [0x0000000080000000, 0x0000000100000000)
  region size 1024K, 5 young (5120K), 5 survivors (5120K)
 Metaspace       used 80479K, committed 81088K, reserved 1179648K
  class space    used 10704K, committed 11008K, reserved 1048576K
}
Event: 14.170 GC heap before
{Heap before GC invocations=35 (full 0):
 garbage-first heap   total 137216K, used 108304K [0x0000000080000000, 0x0000000100000000)
  region size 1024K, 42 young (43008K), 5 survivors (5120K)
 Metaspace       used 82876K, committed 83520K, reserved 1179648K
  class space    used 11059K, committed 11392K, reserved 1048576K
}
Event: 14.173 GC heap after
{Heap after GC invocations=36 (full 0):
 garbage-first heap   total 137216K, used 71819K [0x0000000080000000, 0x0000000100000000)
  region size 1024K, 4 young (4096K), 4 survivors (4096K)
 Metaspace       used 82876K, committed 83520K, reserved 1179648K
  class space    used 11059K, committed 11392K, reserved 1048576K
}
Event: 14.208 GC heap before
{Heap before GC invocations=36 (full 0):
 garbage-first heap   total 137216K, used 73867K [0x0000000080000000, 0x0000000100000000)
  region size 1024K, 6 young (6144K), 4 survivors (4096K)
 Metaspace       used 83033K, committed 83648K, reserved 1179648K
  class space    used 11085K, committed 11392K, reserved 1048576K
}
Event: 14.211 GC heap after
{Heap after GC invocations=37 (full 0):
 garbage-first heap   total 137216K, used 71566K [0x0000000080000000, 0x0000000100000000)
  region size 1024K, 1 young (1024K), 1 survivors (1024K)
 Metaspace       used 83033K, committed 83648K, reserved 1179648K
  class space    used 11085K, committed 11392K, reserved 1048576K
}
Event: 14.936 GC heap before
{Heap before GC invocations=37 (full 0):
 garbage-first heap   total 137216K, used 110478K [0x0000000080000000, 0x0000000100000000)
  region size 1024K, 39 young (39936K), 1 survivors (1024K)
 Metaspace       used 85819K, committed 86400K, reserved 1179648K
  class space    used 11666K, committed 11968K, reserved 1048576K
}
Event: 14.939 GC heap after
{Heap after GC invocations=38 (full 0):
 garbage-first heap   total 183296K, used 72559K [0x0000000080000000, 0x0000000100000000)
  region size 1024K, 2 young (2048K), 2 survivors (2048K)
 Metaspace       used 85819K, committed 86400K, reserved 1179648K
  class space    used 11666K, committed 11968K, reserved 1048576K
}
Event: 16.137 GC heap before
{Heap before GC invocations=39 (full 0):
 garbage-first heap   total 183296K, used 145263K [0x0000000080000000, 0x0000000100000000)
  region size 1024K, 73 young (74752K), 2 survivors (2048K)
 Metaspace       used 91323K, committed 92032K, reserved 1179648K
  class space    used 12471K, committed 12800K, reserved 1048576K
}
Event: 16.142 GC heap after
{Heap after GC invocations=40 (full 0):
 garbage-first heap   total 183296K, used 76291K [0x0000000080000000, 0x0000000100000000)
  region size 1024K, 6 young (6144K), 6 survivors (6144K)
 Metaspace       used 91323K, committed 92032K, reserved 1179648K
  class space    used 12471K, committed 12800K, reserved 1048576K
}
Event: 17.172 GC heap before
{Heap before GC invocations=40 (full 0):
 garbage-first heap   total 183296K, used 146947K [0x0000000080000000, 0x0000000100000000)
  region size 1024K, 76 young (77824K), 6 survivors (6144K)
 Metaspace       used 96816K, committed 97472K, reserved 1179648K
  class space    used 13203K, committed 13504K, reserved 1048576K
}
Event: 17.181 GC heap after
{Heap after GC invocations=41 (full 0):
 garbage-first heap   total 183296K, used 82800K [0x0000000080000000, 0x0000000100000000)
  region size 1024K, 10 young (10240K), 10 survivors (10240K)
 Metaspace       used 96816K, committed 97472K, reserved 1179648K
  class space    used 13203K, committed 13504K, reserved 1048576K
}
Event: 18.519 GC heap before
{Heap before GC invocations=41 (full 0):
 garbage-first heap   total 183296K, used 151408K [0x0000000080000000, 0x0000000100000000)
  region size 1024K, 73 young (74752K), 10 survivors (10240K)
 Metaspace       used 100272K, committed 100992K, reserved 1179648K
  class space    used 13629K, committed 13952K, reserved 1048576K
}
Event: 18.528 GC heap after
{Heap after GC invocations=42 (full 0):
 garbage-first heap   total 183296K, used 87310K [0x0000000080000000, 0x0000000100000000)
  region size 1024K, 5 young (5120K), 5 survivors (5120K)
 Metaspace       used 100272K, committed 100992K, reserved 1179648K
  class space    used 13629K, committed 13952K, reserved 1048576K
}
Event: 18.851 GC heap before
{Heap before GC invocations=42 (full 0):
 garbage-first heap   total 183296K, used 107790K [0x0000000080000000, 0x0000000100000000)
  region size 1024K, 27 young (27648K), 5 survivors (5120K)
 Metaspace       used 101052K, committed 101760K, reserved 1179648K
  class space    used 13756K, committed 14080K, reserved 1048576K
}
Event: 18.856 GC heap after
{Heap after GC invocations=43 (full 0):
 garbage-first heap   total 183296K, used 87716K [0x0000000080000000, 0x0000000100000000)
  region size 1024K, 5 young (5120K), 5 survivors (5120K)
 Metaspace       used 101052K, committed 101760K, reserved 1179648K
  class space    used 13756K, committed 14080K, reserved 1048576K
}

Dll operation events (3 events):
Event: 0.015 Loaded shared library C:\Program Files\Android\Android Studio\jbr\bin\java.dll
Event: 0.171 Loaded shared library C:\Program Files\Android\Android Studio\jbr\bin\zip.dll
Event: 0.583 Loaded shared library C:\Program Files\Android\Android Studio\jbr\bin\verify.dll

Deoptimization events (20 events):
Event: 19.000 Thread 0x000002dff9d20ad0 DEOPT PACKING pc=0x000002dfe329f49c sp=0x000000f2feefa170
Event: 19.000 Thread 0x000002dff9d20ad0 DEOPT UNPACKING pc=0x000002dfe29069a3 sp=0x000000f2feefa068 mode 2
Event: 19.063 Thread 0x000002dff9d20ad0 Uncommon trap: trap_request=0xffffffde fr.pc=0x000002dfe2eb5ec0 relative=0x0000000000000360
Event: 19.063 Thread 0x000002dff9d20ad0 Uncommon trap: reason=class_check action=maybe_recompile pc=0x000002dfe2eb5ec0 method=java.util.stream.AbstractPipeline.copyIntoWithCancel(Ljava/util/stream/Sink;Ljava/util/Spliterator;)Z @ 32 c2
Event: 19.063 Thread 0x000002dff9d20ad0 DEOPT PACKING pc=0x000002dfe2eb5ec0 sp=0x000000f2feef91a0
Event: 19.063 Thread 0x000002dff9d20ad0 DEOPT UNPACKING pc=0x000002dfe29069a3 sp=0x000000f2feef9060 mode 2
Event: 19.063 Thread 0x000002dff9d20ad0 Uncommon trap: trap_request=0xffffffde fr.pc=0x000002dfe2ed11cc relative=0x000000000000026c
Event: 19.063 Thread 0x000002dff9d20ad0 Uncommon trap: reason=class_check action=maybe_recompile pc=0x000002dfe2ed11cc method=java.util.stream.AbstractPipeline.copyIntoWithCancel(Ljava/util/stream/Sink;Ljava/util/Spliterator;)Z @ 32 c2
Event: 19.063 Thread 0x000002dff9d20ad0 DEOPT PACKING pc=0x000002dfe2ed11cc sp=0x000000f2feef9140
Event: 19.063 Thread 0x000002dff9d20ad0 DEOPT UNPACKING pc=0x000002dfe29069a3 sp=0x000000f2feef9060 mode 2
Event: 19.139 Thread 0x000002dff9d20ad0 DEOPT PACKING pc=0x000002dfdc5fa3da sp=0x000000f2feefa590
Event: 19.139 Thread 0x000002dff9d20ad0 DEOPT UNPACKING pc=0x000002dfe2907143 sp=0x000000f2feef9a50 mode 0
Event: 19.301 Thread 0x000002dff9d20ad0 DEOPT PACKING pc=0x000002dfdbc22fd9 sp=0x000000f2feefa9b0
Event: 19.301 Thread 0x000002dff9d20ad0 DEOPT UNPACKING pc=0x000002dfe2907143 sp=0x000000f2feef9ea0 mode 0
Event: 19.302 Thread 0x000002dff9d20ad0 DEOPT PACKING pc=0x000002dfdbc22fd9 sp=0x000000f2feefa9b0
Event: 19.302 Thread 0x000002dff9d20ad0 DEOPT UNPACKING pc=0x000002dfe2907143 sp=0x000000f2feef9ea0 mode 0
Event: 19.302 Thread 0x000002dff9d20ad0 DEOPT PACKING pc=0x000002dfdbc22fd9 sp=0x000000f2feefa9b0
Event: 19.302 Thread 0x000002dff9d20ad0 DEOPT UNPACKING pc=0x000002dfe2907143 sp=0x000000f2feef9ea0 mode 0
Event: 19.302 Thread 0x000002dff9d20ad0 DEOPT PACKING pc=0x000002dfdbc22fd9 sp=0x000000f2feefa9b0
Event: 19.302 Thread 0x000002dff9d20ad0 DEOPT UNPACKING pc=0x000002dfe2907143 sp=0x000000f2feef9ea0 mode 0

Classes unloaded (0 events):
No events

Classes redefined (0 events):
No events

Internal exceptions (20 events):
Event: 17.436 Thread 0x000002dff87cf070 Exception <a 'java/lang/NoSuchMethodError'{0x000000008a4dec60}: static Lorg/gradle/internal/build/event/types/AbstractTaskResult;.<clinit>()V> (0x000000008a4dec60) 
thrown [s\src\hotspot\share\prims\jni.cpp, line 1127]
Event: 17.448 Thread 0x000002dff9d20ad0 Exception <a 'java/lang/NoSuchMethodError'{0x000000008a3885f8}: 'void java.lang.invoke.DirectMethodHandle$Holder.invokeInterface(java.lang.Object, java.lang.Object, java.lang.Object, java.lang.Object)'> (0x000000008a3885f8) 
thrown [s\src\hotspot\share\interpreter\linkResolver.cpp, line 771]
Event: 17.454 Thread 0x000002dff9d1b9d0 Exception <a 'java/lang/NoSuchMethodError'{0x000000008a47d950}: static Lcom/android/buildanalyzer/common/AndroidGradlePluginAttributionData$BuildInfo;.<clinit>()V> (0x000000008a47d950) 
thrown [s\src\hotspot\share\prims\jni.cpp, line 1127]
Event: 17.455 Thread 0x000002dff9d1b9d0 Exception <a 'java/lang/NoSuchMethodError'{0x000000008a265918}: static Lcom/android/buildanalyzer/common/AndroidGradlePluginAttributionData$JavaInfo;.<clinit>()V> (0x000000008a265918) 
thrown [s\src\hotspot\share\prims\jni.cpp, line 1127]
Event: 17.458 Thread 0x000002dff9d1b9d0 Exception <a 'java/lang/NoSuchMethodError'{0x000000008a296e60}: static [Ljava/lang/String;.<clinit>()V> (0x000000008a296e60) 
thrown [s\src\hotspot\share\prims\jni.cpp, line 1127]
Event: 17.459 Thread 0x000002dff9d1b9d0 Exception <a 'java/lang/NoSuchMethodError'{0x000000008a2f7f48}: static Lcom/android/buildanalyzer/common/AndroidGradlePluginAttributionData$TaskInfo;.<clinit>()V> (0x000000008a2f7f48) 
thrown [s\src\hotspot\share\prims\jni.cpp, line 1127]
Event: 17.460 Thread 0x000002dff9d1b9d0 Exception <a 'java/lang/NoSuchMethodError'{0x000000008a105188}: static Lcom/android/buildanalyzer/common/AndroidGradlePluginAttributionData$TaskCategoryInfo;.<clinit>()V> (0x000000008a105188) 
thrown [s\src\hotspot\share\prims\jni.cpp, line 1127]
Event: 17.466 Thread 0x000002dff9d20ad0 Exception <a 'sun/nio/fs/WindowsException'{0x000000008a2595c0}> (0x000000008a2595c0) 
thrown [s\src\hotspot\share\prims\jni.cpp, line 531]
Event: 17.492 Thread 0x000002dff87cf070 Exception <a 'java/lang/NoSuchMethodError'{0x0000000089ffd068}: static Lorg/gradle/internal/build/event/types/DefaultTaskSkippedResult;.<clinit>()V> (0x0000000089ffd068) 
thrown [s\src\hotspot\share\prims\jni.cpp, line 1127]
Event: 17.510 Thread 0x000002dff9d20ad0 Exception <a 'java/lang/IncompatibleClassChangeError'{0x0000000089fd7b28}: Found class java.lang.Object, but interface was expected> (0x0000000089fd7b28) 
thrown [s\src\hotspot\share\interpreter\linkResolver.cpp, line 838]
Event: 17.530 Thread 0x000002dff9d20ad0 Exception <a 'java/lang/NoSuchMethodError'{0x0000000089d13790}: 'int java.lang.invoke.DirectMethodHandle$Holder.invokeStaticInit(java.lang.Object, java.lang.Object, java.lang.Object, java.lang.Object, java.lang.Object)'> (0x0000000089d13790) 
thrown [s\src\hotspot\share\interpreter\linkResolver.cpp, line 771]
Event: 18.094 Thread 0x000002dff9e3e920 Exception <a 'java/lang/NoSuchMethodError'{0x00000000895ac680}: 'java.lang.Object java.lang.invoke.DirectMethodHandle$Holder.invokeSpecialIFC(java.lang.Object, java.lang.Object, java.lang.Object)'> (0x00000000895ac680) 
thrown [s\src\hotspot\share\interpreter\linkResolver.cpp, line 771]
Event: 18.094 Thread 0x000002dff9e39820 Exception <a 'java/lang/NoSuchMethodError'{0x00000000895f93e0}: 'java.lang.Object java.lang.invoke.DirectMethodHandle$Holder.invokeSpecialIFC(java.lang.Object, java.lang.Object, java.lang.Object)'> (0x00000000895f93e0) 
thrown [s\src\hotspot\share\interpreter\linkResolver.cpp, line 771]
Event: 18.181 Thread 0x000002dff9e3c0a0 Exception <a 'java/lang/NoSuchMethodError'{0x00000000893ea8c8}: 'void java.lang.invoke.DirectMethodHandle$Holder.invokeVirtual(java.lang.Object, java.lang.Object)'> (0x00000000893ea8c8) 
thrown [s\src\hotspot\share\interpreter\linkResolver.cpp, line 771]
Event: 18.517 Thread 0x000002dff9e3d4e0 Implicit null exception at 0x000002dfe327f45b to 0x000002dfe327f4e4
Event: 18.653 Thread 0x000002dff9d20ad0 Exception <a 'sun/nio/fs/WindowsException'{0x000000008a9ff3e0}> (0x000000008a9ff3e0) 
thrown [s\src\hotspot\share\prims\jni.cpp, line 531]
Event: 18.653 Thread 0x000002dff9d20ad0 Exception <a 'sun/nio/fs/WindowsException'{0x000000008a9ff888}> (0x000000008a9ff888) 
thrown [s\src\hotspot\share\prims\jni.cpp, line 531]
Event: 18.703 Thread 0x000002dff9d20ad0 Exception <a 'sun/nio/fs/WindowsException'{0x000000008a6dc400}> (0x000000008a6dc400) 
thrown [s\src\hotspot\share\prims\jni.cpp, line 531]
Event: 18.704 Thread 0x000002dff9d20ad0 Exception <a 'sun/nio/fs/WindowsException'{0x000000008a6dc990}> (0x000000008a6dc990) 
thrown [s\src\hotspot\share\prims\jni.cpp, line 531]
Event: 18.705 Thread 0x000002dff9d20ad0 Exception <a 'sun/nio/fs/WindowsException'{0x000000008a6e7550}> (0x000000008a6e7550) 
thrown [s\src\hotspot\share\prims\jni.cpp, line 531]

VM Operations (20 events):
Event: 18.475 Executing VM operation: ICBufferFull
Event: 18.475 Executing VM operation: ICBufferFull done
Event: 18.518 Executing VM operation: G1CollectForAllocation
Event: 18.528 Executing VM operation: G1CollectForAllocation done
Event: 18.683 Executing VM operation: HandshakeAllThreads
Event: 18.684 Executing VM operation: HandshakeAllThreads done
Event: 18.684 Executing VM operation: HandshakeAllThreads
Event: 18.684 Executing VM operation: HandshakeAllThreads done
Event: 18.850 Executing VM operation: G1TryInitiateConcMark
Event: 18.856 Executing VM operation: G1TryInitiateConcMark done
Event: 18.913 Executing VM operation: G1PauseRemark
Event: 18.918 Executing VM operation: G1PauseRemark done
Event: 18.947 Executing VM operation: G1PauseCleanup
Event: 18.947 Executing VM operation: G1PauseCleanup done
Event: 19.029 Executing VM operation: HandshakeAllThreads
Event: 19.029 Executing VM operation: HandshakeAllThreads done
Event: 19.030 Executing VM operation: HandshakeAllThreads
Event: 19.030 Executing VM operation: HandshakeAllThreads done
Event: 19.188 Executing VM operation: HandshakeAllThreads
Event: 19.188 Executing VM operation: HandshakeAllThreads done

Events (20 events):
Event: 19.109 loading class org/w3c/dom/CharacterData
Event: 19.109 loading class org/w3c/dom/CharacterData done
Event: 19.109 loading class org/w3c/dom/Text
Event: 19.109 loading class org/w3c/dom/Text done
Event: 19.109 loading class com/sun/org/apache/xerces/internal/dom/CharacterDataImpl
Event: 19.109 loading class com/sun/org/apache/xerces/internal/dom/CharacterDataImpl done
Event: 19.109 loading class com/sun/org/apache/xerces/internal/dom/TextImpl done
Event: 19.109 loading class com/sun/org/apache/xerces/internal/dom/DeferredTextImpl done
Event: 19.109 loading class com/sun/org/apache/xerces/internal/dom/CharacterDataImpl$1
Event: 19.109 loading class com/sun/org/apache/xerces/internal/dom/CharacterDataImpl$1 done
Event: 19.184 loading class java/util/stream/Nodes$IntFixedNodeBuilder
Event: 19.184 loading class java/util/stream/Node$Builder$OfInt
Event: 19.184 loading class java/util/stream/Node$Builder$OfInt done
Event: 19.184 loading class java/util/stream/Nodes$IntArrayNode
Event: 19.184 loading class java/util/stream/Nodes$IntArrayNode done
Event: 19.184 loading class java/util/stream/Nodes$IntFixedNodeBuilder done
Event: 19.298 loading class java/util/concurrent/ConcurrentLinkedDeque
Event: 19.300 loading class java/util/concurrent/ConcurrentLinkedDeque done
Event: 19.300 loading class java/util/concurrent/ConcurrentLinkedDeque$Node
Event: 19.300 loading class java/util/concurrent/ConcurrentLinkedDeque$Node done


Dynamic libraries:
0x00007ff63d380000 - 0x00007ff63d38a000 	C:\Program Files\Android\Android Studio\jbr\bin\java.exe
0x00007ffa82950000 - 0x00007ffa82b67000 	C:\Windows\SYSTEM32\ntdll.dll
0x00007ffa81430000 - 0x00007ffa814f4000 	C:\Windows\System32\KERNEL32.DLL
0x00007ffa7fec0000 - 0x00007ffa8026d000 	C:\Windows\System32\KERNELBASE.dll
0x00007ffa80350000 - 0x00007ffa80461000 	C:\Windows\System32\ucrtbase.dll
0x00007ffa639b0000 - 0x00007ffa639c7000 	C:\Program Files\Android\Android Studio\jbr\bin\jli.dll
0x00007ffa638c0000 - 0x00007ffa638db000 	C:\Program Files\Android\Android Studio\jbr\bin\VCRUNTIME140.dll
0x00007ffa81e70000 - 0x00007ffa8201e000 	C:\Windows\System32\USER32.dll
0x00007ffa80270000 - 0x00007ffa80296000 	C:\Windows\System32\win32u.dll
0x00007ffa82470000 - 0x00007ffa82499000 	C:\Windows\System32\GDI32.dll
0x00007ffa7fc70000 - 0x00007ffa7fd89000 	C:\Windows\System32\gdi32full.dll
0x00007ffa805e0000 - 0x00007ffa8067a000 	C:\Windows\System32\msvcp_win.dll
0x00007ffa699d0000 - 0x00007ffa69c63000 	C:\Windows\WinSxS\amd64_microsoft.windows.common-controls_6595b64144ccf1df_6.0.22621.3672_none_2713b9d173822955\COMCTL32.dll
0x00007ffa825a0000 - 0x00007ffa82647000 	C:\Windows\System32\msvcrt.dll
0x00007ffa826d0000 - 0x00007ffa82701000 	C:\Windows\System32\IMM32.DLL
0x00007ffa71070000 - 0x00007ffa7107c000 	C:\Program Files\Android\Android Studio\jbr\bin\vcruntime140_1.dll
0x00007ffa58ef0000 - 0x00007ffa58f7d000 	C:\Program Files\Android\Android Studio\jbr\bin\msvcp140.dll
0x00007ff9ef900000 - 0x00007ff9f0583000 	C:\Program Files\Android\Android Studio\jbr\bin\server\jvm.dll
0x00007ffa807e0000 - 0x00007ffa80892000 	C:\Windows\System32\ADVAPI32.dll
0x00007ffa82020000 - 0x00007ffa820c9000 	C:\Windows\System32\sechost.dll
0x00007ffa80320000 - 0x00007ffa80348000 	C:\Windows\System32\bcrypt.dll
0x00007ffa81500000 - 0x00007ffa81614000 	C:\Windows\System32\RPCRT4.dll
0x00007ffa7b4d0000 - 0x00007ffa7b4d9000 	C:\Windows\SYSTEM32\WSOCK32.dll
0x00007ffa7b470000 - 0x00007ffa7b4a4000 	C:\Windows\SYSTEM32\WINMM.dll
0x00007ffa81320000 - 0x00007ffa81391000 	C:\Windows\System32\WS2_32.dll
0x00007ffa7eae0000 - 0x00007ffa7eb2d000 	C:\Windows\SYSTEM32\POWRPROF.dll
0x00007ffa79470000 - 0x00007ffa7947a000 	C:\Windows\SYSTEM32\VERSION.dll
0x00007ffa7eac0000 - 0x00007ffa7ead3000 	C:\Windows\SYSTEM32\UMPDC.dll
0x00007ffa7ed70000 - 0x00007ffa7ed88000 	C:\Windows\SYSTEM32\kernel.appcore.dll
0x00007ffa74c20000 - 0x00007ffa74c2a000 	C:\Program Files\Android\Android Studio\jbr\bin\jimage.dll
0x00007ffa784f0000 - 0x00007ffa78722000 	C:\Windows\SYSTEM32\DBGHELP.DLL
0x00007ffa820e0000 - 0x00007ffa8246e000 	C:\Windows\System32\combase.dll
0x00007ffa809a0000 - 0x00007ffa80a77000 	C:\Windows\System32\OLEAUT32.dll
0x00007ffa6e3f0000 - 0x00007ffa6e422000 	C:\Windows\SYSTEM32\dbgcore.DLL
0x00007ffa802a0000 - 0x00007ffa8031b000 	C:\Windows\System32\bcryptPrimitives.dll
0x00007ffa719d0000 - 0x00007ffa719de000 	C:\Program Files\Android\Android Studio\jbr\bin\instrument.dll
0x00007ffa6fa70000 - 0x00007ffa6fa95000 	C:\Program Files\Android\Android Studio\jbr\bin\java.dll
0x00007ffa74b10000 - 0x00007ffa74b28000 	C:\Program Files\Android\Android Studio\jbr\bin\zip.dll
0x00007ffa80aa0000 - 0x00007ffa81307000 	C:\Windows\System32\SHELL32.dll
0x00007ffa7dbb0000 - 0x00007ffa7e4af000 	C:\Windows\SYSTEM32\windows.storage.dll
0x00007ffa7da70000 - 0x00007ffa7dbaf000 	C:\Windows\SYSTEM32\wintypes.dll
0x00007ffa808a0000 - 0x00007ffa80999000 	C:\Windows\System32\SHCORE.dll
0x00007ffa82660000 - 0x00007ffa826be000 	C:\Windows\System32\shlwapi.dll
0x00007ffa7fba0000 - 0x00007ffa7fbc7000 	C:\Windows\SYSTEM32\profapi.dll
0x00007ffa74a10000 - 0x00007ffa74a29000 	C:\Program Files\Android\Android Studio\jbr\bin\net.dll
0x00007ffa7bcf0000 - 0x00007ffa7be26000 	C:\Windows\SYSTEM32\WINHTTP.dll
0x00007ffa7f1e0000 - 0x00007ffa7f249000 	C:\Windows\system32\mswsock.dll
0x00007ffa70f60000 - 0x00007ffa70f76000 	C:\Program Files\Android\Android Studio\jbr\bin\nio.dll
0x00007ffa71a10000 - 0x00007ffa71a20000 	C:\Program Files\Android\Android Studio\jbr\bin\verify.dll
0x00007ffa71080000 - 0x00007ffa710a7000 	C:\Users\Gerardo\.gradle\native\c067742578af261105cb4f569cf0c3c89f3d7b1fecec35dd04571415982c5e48\windows-amd64\native-platform.dll
0x00007ffa54cd0000 - 0x00007ffa54e14000 	C:\Users\Gerardo\.gradle\native\38dada09dfb8b06ba9b0570ebf7e218e3eb74d4ef43ca46872605cf95ebc2f47\windows-amd64\native-platform-file-events.dll
0x00007ffa74ab0000 - 0x00007ffa74ab9000 	C:\Program Files\Android\Android Studio\jbr\bin\management.dll
0x00007ffa74a50000 - 0x00007ffa74a5b000 	C:\Program Files\Android\Android Studio\jbr\bin\management_ext.dll
0x00007ffa81310000 - 0x00007ffa81318000 	C:\Windows\System32\PSAPI.DLL
0x00007ffa7f410000 - 0x00007ffa7f42b000 	C:\Windows\SYSTEM32\CRYPTSP.dll
0x00007ffa7ecd0000 - 0x00007ffa7ed05000 	C:\Windows\system32\rsaenh.dll
0x00007ffa7f2a0000 - 0x00007ffa7f2c8000 	C:\Windows\SYSTEM32\USERENV.dll
0x00007ffa7f400000 - 0x00007ffa7f40c000 	C:\Windows\SYSTEM32\CRYPTBASE.dll
0x00007ffa7e780000 - 0x00007ffa7e7ad000 	C:\Windows\SYSTEM32\IPHLPAPI.DLL
0x00007ffa820d0000 - 0x00007ffa820d9000 	C:\Windows\System32\NSI.dll
0x00007ffa7bc20000 - 0x00007ffa7bc39000 	C:\Windows\SYSTEM32\dhcpcsvc6.DLL
0x00007ffa7bbe0000 - 0x00007ffa7bbff000 	C:\Windows\SYSTEM32\dhcpcsvc.DLL
0x00007ffa7e7b0000 - 0x00007ffa7e8a8000 	C:\Windows\SYSTEM32\DNSAPI.dll
0x00007ffa74c10000 - 0x00007ffa74c19000 	C:\Program Files\Android\Android Studio\jbr\bin\extnet.dll
0x00007ffa4ab40000 - 0x00007ffa4ab48000 	C:\Windows\system32\wshunix.dll
0x00007ffa7bc00000 - 0x00007ffa7bc0a000 	C:\Windows\System32\rasadhlp.dll
0x00007ffa7b3e0000 - 0x00007ffa7b463000 	C:\Windows\System32\fwpuclnt.dll

dbghelp: loaded successfully - version: 4.0.5 - missing functions: none
symbol engine: initialized successfully - sym options: 0x614 - pdb path: .;C:\Program Files\Android\Android Studio\jbr\bin;C:\Windows\SYSTEM32;C:\Windows\WinSxS\amd64_microsoft.windows.common-controls_6595b64144ccf1df_6.0.22621.3672_none_2713b9d173822955;C:\Program Files\Android\Android Studio\jbr\bin\server;C:\Users\Gerardo\.gradle\native\c067742578af261105cb4f569cf0c3c89f3d7b1fecec35dd04571415982c5e48\windows-amd64;C:\Users\Gerardo\.gradle\native\38dada09dfb8b06ba9b0570ebf7e218e3eb74d4ef43ca46872605cf95ebc2f47\windows-amd64

VM Arguments:
jvm_args: --add-opens=java.base/java.util=ALL-UNNAMED --add-opens=java.base/java.lang=ALL-UNNAMED --add-opens=java.base/java.lang.invoke=ALL-UNNAMED --add-opens=java.prefs/java.util.prefs=ALL-UNNAMED --add-opens=java.base/java.nio.charset=ALL-UNNAMED --add-opens=java.base/java.net=ALL-UNNAMED --add-opens=java.base/java.util.concurrent.atomic=ALL-UNNAMED -Xmx2048m -Dfile.encoding=UTF-8 -Duser.country=PE -Duser.language=es -Duser.variant -javaagent:C:\Users\Gerardo\.gradle\wrapper\dists\gradle-8.7-bin\bhs2wmbdwecv87pi65oeuq5iu\gradle-8.7\lib\agents\gradle-instrumentation-agent-8.7.jar 
java_command: org.gradle.launcher.daemon.bootstrap.GradleDaemon 8.7
java_class_path (initial): C:\Users\Gerardo\.gradle\wrapper\dists\gradle-8.7-bin\bhs2wmbdwecv87pi65oeuq5iu\gradle-8.7\lib\gradle-launcher-8.7.jar
Launcher Type: SUN_STANDARD

[Global flags]
     intx CICompilerCount                          = 4                                         {product} {ergonomic}
     uint ConcGCThreads                            = 3                                         {product} {ergonomic}
     uint G1ConcRefinementThreads                  = 10                                        {product} {ergonomic}
   size_t G1HeapRegionSize                         = 1048576                                   {product} {ergonomic}
    uintx GCDrainStackTargetSize                   = 64                                        {product} {ergonomic}
   size_t InitialHeapSize                          = 123731968                                 {product} {ergonomic}
   size_t MarkStackSize                            = 4194304                                   {product} {ergonomic}
   size_t MaxHeapSize                              = 2147483648                                {product} {command line}
   size_t MaxNewSize                               = 1287651328                                {product} {ergonomic}
   size_t MinHeapDeltaBytes                        = 1048576                                   {product} {ergonomic}
   size_t MinHeapSize                              = 8388608                                   {product} {ergonomic}
    uintx NonNMethodCodeHeapSize                   = 5839372                                {pd product} {ergonomic}
    uintx NonProfiledCodeHeapSize                  = 122909434                              {pd product} {ergonomic}
    uintx ProfiledCodeHeapSize                     = 122909434                              {pd product} {ergonomic}
    uintx ReservedCodeCacheSize                    = 251658240                              {pd product} {ergonomic}
     bool SegmentedCodeCache                       = true                                      {product} {ergonomic}
   size_t SoftMaxHeapSize                          = 2147483648                             {manageable} {ergonomic}
     bool UseCompressedClassPointers               = true                           {product lp64_product} {ergonomic}
     bool UseCompressedOops                        = true                           {product lp64_product} {ergonomic}
     bool UseG1GC                                  = true                                      {product} {ergonomic}
     bool UseLargePagesIndividualAllocation        = false                                  {pd product} {ergonomic}

Logging:
Log output configuration:
 #0: stdout all=warning uptime,level,tags
 #1: stderr all=off uptime,level,tags

Environment Variables:
PATH=C:\Program Files (x86)\Common Files\Oracle\Java\java8path;C:\Program Files (x86)\Common Files\Oracle\Java\javapath;C:\Windows\system32;C:\Windows;C:\Windows\System32\Wbem;C:\Windows\System32\WindowsPowerShell\v1.0\;C:\Windows\System32\OpenSSH\;C:\Program Files (x86)\NVIDIA Corporation\PhysX\Common;C:\Program Files\NVIDIA Corporation\NVIDIA NvDLISR;C:\Program Files\dotnet\;C:\Program Files\GitHub CLI\;C:\Program Files\Git\cmd;C:\Users\Gerardo\AppData\Local\Programs\Python\Python312\Scripts\;C:\Users\Gerardo\AppData\Local\Programs\Python\Python312\;C:\Users\Gerardo\AppData\Local\Programs\Python\Launcher\;C:\Users\Gerardo\AppData\Local\Microsoft\WindowsApps;C:\Users\Gerardo\AppData\Local\GitHubDesktop\bin;C:\Users\Gerardo\AppData\Local\Programs\Microsoft VS Code\bin
USERNAME=Gerardo
OS=Windows_NT
PROCESSOR_IDENTIFIER=AMD64 Family 25 Model 68 Stepping 1, AuthenticAMD
TMP=C:\Users\Gerardo\AppData\Local\Temp
TEMP=C:\Users\Gerardo\AppData\Local\Temp



Periodic native trim disabled

JNI global refs:
JNI global refs: 27, weak refs: 24

JNI global refs memory usage: 843, weak refs: 841

Process memory usage:
Resident Set Size: 454900K (5% of 7678756K total physical memory with 192684K free physical memory)

OOME stack traces (most recent first):
Classloader memory used:
Loader org.gradle.internal.classloader.VisitableURLClassLoader                         : 4356K
Loader bootstrap                                                                       : 3472K
Loader org.gradle.internal.classloader.VisitableURLClassLoader$InstrumentingVisitableURLClassLoader: 3308K
Loader org.gradle.initialization.MixInLegacyTypesClassLoader                           : 1500K
Loader jdk.internal.loader.ClassLoaders$PlatformClassLoader                            : 102K
Loader jdk.internal.reflect.DelegatingClassLoader                                      : 74506B
Loader jdk.internal.loader.ClassLoaders$AppClassLoader                                 : 28714B
Loader org.gradle.groovy.scripts.internal.DefaultScriptCompilationHandler$ScriptClassLoader: 17855B
Loader org.gradle.internal.classloader.VisitableURLClassLoader                         : 4104B
Loader org.codehaus.groovy.runtime.callsite.CallSiteClassLoader                        : 1164B

Classes loaded by more than one classloader:
Class org.gradle.internal.installation.GradleInstallation                             : loaded 2 times (x 73B)
Class com.google.common.collect.Iterators$MergingIterator                             : loaded 2 times (x 79B)
Class build_5upwur0uhs9b1hjj1k3nt5rwk                                                 : loaded 2 times (x 178B)
Class org.objectweb.asm.ModuleVisitor                                                 : loaded 2 times (x 79B)
Class com.google.common.io.ByteSource                                                 : loaded 2 times (x 82B)
Class [Lcom.google.common.collect.AbstractMapEntry;                                   : loaded 2 times (x 67B)
Class com.google.common.collect.ImmutableRangeSet$AsSet                               : loaded 2 times (x 233B)
Class com.google.common.collect.SingletonImmutableList                                : loaded 2 times (x 167B)
Class com.google.common.cache.CacheLoader$SupplierToCacheLoader                       : loaded 2 times (x 73B)
Class org.gradle.internal.classpath.ClassPath                                         : loaded 2 times (x 68B)
Class com.google.common.cache.RemovalListener                                         : loaded 2 times (x 68B)
Class org.gradle.api.internal.classpath.DefaultModuleRegistry                         : loaded 2 times (x 84B)
Class com.google.common.collect.ImmutableEnumSet                                      : loaded 2 times (x 144B)
Class com.google.common.collect.ListMultimap                                          : loaded 2 times (x 68B)
Class com.google.common.base.CharMatcher$JavaDigit                                    : loaded 2 times (x 109B)
Class com.google.common.base.CharMatcher$Digit                                        : loaded 2 times (x 110B)
Class com.google.common.collect.AbstractMultimap                                      : loaded 2 times (x 121B)
Class com.google.common.cache.CacheBuilder$OneWeigher                                 : loaded 2 times (x 80B)
Class org.gradle.api.Action                                                           : loaded 2 times (x 68B)
Class com.google.common.collect.ImmutableEntry                                        : loaded 2 times (x 80B)
Class com.google.common.collect.Lists$StringAsImmutableList                           : loaded 2 times (x 167B)
Class com.google.common.cache.LocalCache$StrongEntry                                  : loaded 2 times (x 106B)
Class org.objectweb.asm.FieldWriter                                                   : loaded 2 times (x 76B)
Class com.google.common.base.CharMatcher                                              : loaded 2 times (x 109B)
Class com.google.common.base.CharMatcher$IsNot                                        : loaded 2 times (x 109B)
Class com.google.common.collect.RegularImmutableSortedSet                             : loaded 2 times (x 233B)
Class com.google.common.collect.Maps$IteratorBasedAbstractMap                         : loaded 2 times (x 123B)
Class com.google.common.base.Splitter                                                 : loaded 2 times (x 70B)
Class [Lcom.google.common.cache.Weigher;                                              : loaded 2 times (x 67B)
Class com.google.common.collect.Iterators$ArrayItr                                    : loaded 2 times (x 95B)
Class com.google.common.cache.LocalCache$Segment                                      : loaded 2 times (x 152B)
Class org.gradle.api.internal.DefaultClassPathProvider                                : loaded 2 times (x 74B)
Class org.gradle.internal.installation.GradleInstallation$1                           : loaded 2 times (x 73B)
Class com.google.common.cache.LocalCache$AbstractReferenceEntry                       : loaded 2 times (x 105B)
Class settings_adfafpkbr9p2xx801aq01eago$_run_closure1                                : loaded 2 times (x 137B)
Class org.objectweb.asm.Type                                                          : loaded 2 times (x 70B)
Class com.google.common.util.concurrent.AbstractFuture$Failure                        : loaded 2 times (x 70B)
Class com.google.common.base.CharMatcher$BitSetMatcher                                : loaded 2 times (x 110B)
Class com.google.common.collect.ImmutableMap$IteratorBasedImmutableMap                : loaded 2 times (x 123B)
Class com.google.common.io.Files$FileByteSource                                       : loaded 2 times (x 83B)
Class com.google.common.collect.ImmutableMap                                          : loaded 2 times (x 118B)
Class com.google.common.base.Converter                                                : loaded 2 times (x 88B)
Class com.google.common.collect.ImmutableSortedSetFauxverideShim                      : loaded 2 times (x 145B)
Class com.google.common.collect.ImmutableSet$EmptySetBuilderImpl                      : loaded 2 times (x 74B)
Class com.google.common.base.Equivalence                                              : loaded 2 times (x 80B)
Class com.google.common.primitives.Ints                                               : loaded 2 times (x 69B)
Class com.google.common.cache.LocalCache$EntryFactory$1                               : loaded 2 times (x 81B)
Class com.google.common.cache.LocalCache$EntryFactory$2                               : loaded 2 times (x 81B)
Class com.google.common.cache.LocalCache$EntryFactory$3                               : loaded 2 times (x 81B)
Class com.google.common.cache.LocalCache$EntryFactory$4                               : loaded 2 times (x 81B)
Class com.google.common.cache.LocalCache$EntryFactory$5                               : loaded 2 times (x 81B)
Class com.google.common.cache.LocalCache$EntryFactory$6                               : loaded 2 times (x 81B)
Class com.google.common.cache.LocalCache$EntryFactory$7                               : loaded 2 times (x 81B)
Class com.google.common.cache.LocalCache$EntryFactory$8                               : loaded 2 times (x 81B)
Class com.google.common.base.Predicate                                                : loaded 2 times (x 68B)
Class com.google.common.cache.LocalCache$StrongValueReference                         : loaded 2 times (x 88B)
Class org.gradle.internal.classloader.FilteringClassLoader                            : loaded 2 times (x 103B)
Class com.google.common.collect.AbstractMapBasedMultimap$WrappedCollection            : loaded 2 times (x 122B)
Class com.google.common.collect.RegularImmutableSet                                   : loaded 2 times (x 146B)
Class [Lcom.google.common.cache.LocalCache$Strength;                                  : loaded 2 times (x 67B)
Class org.gradle.internal.classpath.DefaultClassPath$ImmutableUniqueList$Builder      : loaded 2 times (x 73B)
Class com.google.common.collect.AbstractRangeSet                                      : loaded 2 times (x 112B)
Class com.google.common.collect.Maps$8                                                : loaded 2 times (x 80B)
Class [Lcom.google.common.cache.CacheBuilder$NullListener;                            : loaded 2 times (x 67B)
Class com.google.common.base.PatternCompiler                                          : loaded 2 times (x 68B)
Class com.google.common.base.CharMatcher$InRange                                      : loaded 2 times (x 109B)
Class com.google.common.collect.Maps$KeySet                                           : loaded 2 times (x 135B)
Class com.google.common.collect.Sets$SetView                                          : loaded 2 times (x 136B)
Class com.google.common.collect.BiMap                                                 : loaded 2 times (x 68B)
Class com.google.common.collect.Lists                                                 : loaded 2 times (x 69B)
Class org.objectweb.asm.AnnotationWriter                                              : loaded 2 times (x 77B)
Class com.google.common.math.IntMath$1                                                : loaded 2 times (x 69B)
Class org.gradle.internal.classloader.ClassLoaderVisitor                              : loaded 2 times (x 74B)
Class org.objectweb.asm.Label                                                         : loaded 2 times (x 71B)
Class com.google.common.cache.CacheBuilder$NullListener                               : loaded 2 times (x 80B)
Class settings_adfafpkbr9p2xx801aq01eago$_run_closure1$_closure2                      : loaded 2 times (x 137B)
Class com.google.common.math.MathPreconditions                                        : loaded 2 times (x 69B)
Class org.gradle.internal.service.DefaultServiceLocator                               : loaded 2 times (x 81B)
Class org.gradle.internal.service.UnknownServiceException                             : loaded 2 times (x 81B)
Class com.google.common.util.concurrent.AbstractFuture$SynchronizedHelper             : loaded 2 times (x 76B)
Class com.google.common.collect.ArrayListMultimap                                     : loaded 2 times (x 170B)
Class com.google.common.base.Strings                                                  : loaded 2 times (x 69B)
Class com.google.common.cache.CacheLoader$InvalidCacheLoadException                   : loaded 2 times (x 80B)
Class org.gradle.internal.classloader.DefaultClassLoaderFactory                       : loaded 2 times (x 80B)
Class com.google.common.collect.UnmodifiableIterator                                  : loaded 2 times (x 78B)
Class com.google.common.base.Stopwatch                                                : loaded 2 times (x 70B)
Class com.google.common.base.Platform$JdkPatternCompiler                              : loaded 2 times (x 73B)
Class com.google.common.cache.LocalCache$LoadingValueReference                        : loaded 2 times (x 94B)
Class com.google.common.base.CharMatcher$SingleWidth                                  : loaded 2 times (x 110B)
Class com.google.common.collect.Hashing                                               : loaded 2 times (x 69B)
Class com.google.common.collect.ImmutableRangeSet$ComplementRanges                    : loaded 2 times (x 167B)
Class com.google.common.base.JdkPattern                                               : loaded 2 times (x 73B)
Class com.google.common.collect.Multimap                                              : loaded 2 times (x 68B)
Class com.google.common.base.FunctionalEquivalence                                    : loaded 2 times (x 81B)
Class org.objectweb.asm.AnnotationVisitor                                             : loaded 2 times (x 76B)
Class org.objectweb.asm.RecordComponentWriter                                         : loaded 2 times (x 76B)
Class com.google.common.cache.LocalCache$1                                            : loaded 2 times (x 87B)
Class com.google.common.cache.LocalCache$2                                            : loaded 2 times (x 140B)
Class com.google.common.collect.RegularImmutableBiMap                                 : loaded 2 times (x 146B)
Class org.gradle.internal.classloader.VisitableURLClassLoader$Spec                    : loaded 2 times (x 72B)
Class org.gradle.api.GradleException                                                  : loaded 2 times (x 80B)
Class com.google.common.base.CharMatcher$JavaLetterOrDigit                            : loaded 2 times (x 109B)
Class org.gradle.api.internal.classpath.ModuleRegistry                                : loaded 2 times (x 68B)
Class com.google.common.collect.ForwardingObject                                      : loaded 2 times (x 70B)
Class com.google.common.cache.CacheBuilder                                            : loaded 2 times (x 70B)
Class org.objectweb.asm.ByteVector                                                    : loaded 2 times (x 77B)
Class com.google.common.collect.ImmutableCollection                                   : loaded 2 times (x 123B)
Class com.google.common.collect.ImmutableRangeSet                                     : loaded 2 times (x 113B)
Class settings_adfafpkbr9p2xx801aq01eago                                              : loaded 2 times (x 177B)
Class com.google.common.base.PairwiseEquivalence                                      : loaded 2 times (x 81B)
Class com.google.common.base.Ticker                                                   : loaded 2 times (x 70B)
Class org.gradle.api.internal.ClassPathProvider                                       : loaded 2 times (x 68B)
Class com.google.common.base.Ascii                                                    : loaded 2 times (x 69B)
Class com.google.common.collect.RegularImmutableMap$Values                            : loaded 2 times (x 167B)
Class org.objectweb.asm.ModuleWriter                                                  : loaded 2 times (x 80B)
Class org.gradle.internal.classloader.ClasspathUtil$1                                 : loaded 2 times (x 74B)
Class com.google.common.collect.ImmutableEnumMap                                      : loaded 2 times (x 123B)
Class com.google.common.collect.ImmutableList$ReverseImmutableList                    : loaded 2 times (x 168B)
Class com.google.common.cache.AbstractCache$StatsCounter                              : loaded 2 times (x 68B)
Class org.objectweb.asm.FieldVisitor                                                  : loaded 2 times (x 75B)
Class org.objectweb.asm.Symbol                                                        : loaded 2 times (x 71B)
Class com.google.common.cache.LocalCache$Strength$1                                   : loaded 2 times (x 79B)
Class com.google.common.cache.LocalCache$Strength$2                                   : loaded 2 times (x 79B)
Class com.google.common.cache.LocalCache$Strength$3                                   : loaded 2 times (x 79B)
Class org.gradle.internal.classloader.ClassLoaderFactory                              : loaded 2 times (x 68B)
Class com.google.common.collect.ObjectArrays                                          : loaded 2 times (x 69B)
Class com.google.common.util.concurrent.AbstractFuture$Waiter                         : loaded 2 times (x 70B)
Class com.google.common.util.concurrent.Uninterruptibles                              : loaded 2 times (x 69B)
Class com.google.common.collect.Iterators$10                                          : loaded 2 times (x 79B)
Class com.google.common.collect.ImmutableList                                         : loaded 2 times (x 166B)
Class org.gradle.api.internal.classpath.ManifestUtil                                  : loaded 2 times (x 69B)
Class org.gradle.api.specs.Spec                                                       : loaded 2 times (x 68B)
Class com.google.common.collect.RangeSet                                              : loaded 2 times (x 68B)
Class com.google.common.cache.CacheLoader$UnsupportedLoadingOperationException        : loaded 2 times (x 80B)
Class com.google.common.base.CharMatcher$Whitespace                                   : loaded 2 times (x 110B)
Class com.google.common.util.concurrent.ListenableFuture                              : loaded 2 times (x 68B)
Class com.google.common.collect.Iterators$1                                           : loaded 2 times (x 79B)
Class com.google.common.collect.Iterators$4                                           : loaded 2 times (x 80B)
Class com.google.common.collect.RegularImmutableMap$BucketOverflowException           : loaded 2 times (x 80B)
Class com.google.common.collect.Iterators$5                                           : loaded 2 times (x 80B)
Class com.google.common.util.concurrent.AbstractFuture$UnsafeAtomicHelper             : loaded 2 times (x 76B)
Class com.google.common.base.Joiner                                                   : loaded 2 times (x 77B)
Class com.google.common.base.Equivalence$Equals                                       : loaded 2 times (x 80B)
Class com.google.common.base.Preconditions                                            : loaded 2 times (x 69B)
Class com.google.common.base.Function                                                 : loaded 2 times (x 68B)
Class com.google.common.collect.Iterators$9                                           : loaded 2 times (x 79B)
Class org.gradle.internal.IoActions                                                   : loaded 2 times (x 69B)
Class com.google.common.cache.ReferenceEntry                                          : loaded 2 times (x 68B)
Class com.google.common.collect.RegularImmutableMap$KeySet                            : loaded 2 times (x 148B)
Class com.google.common.collect.CollectPreconditions                                  : loaded 2 times (x 69B)
Class com.google.common.primitives.IntsMethodsForWeb                                  : loaded 2 times (x 69B)
Class com.google.common.collect.RangeGwtSerializationDependencies                     : loaded 2 times (x 69B)
Class com.google.common.collect.Maps                                                  : loaded 2 times (x 69B)
Class com.google.common.collect.RegularImmutableMap                                   : loaded 2 times (x 119B)
Class com.google.common.collect.AbstractIndexedListIterator                           : loaded 2 times (x 94B)
Class com.google.common.base.CharMatcher$None                                         : loaded 2 times (x 110B)
Class org.gradle.api.internal.classpath.EffectiveClassPath                            : loaded 2 times (x 88B)
Class com.google.common.collect.UnmodifiableListIterator                              : loaded 2 times (x 93B)
Class com.google.common.io.Files                                                      : loaded 2 times (x 69B)
Class com.google.common.cache.CacheLoader$FunctionToCacheLoader                       : loaded 2 times (x 73B)
Class com.google.common.cache.CacheBuilder$1                                          : loaded 2 times (x 83B)
Class com.google.common.cache.CacheBuilder$2                                          : loaded 2 times (x 70B)
Class com.google.common.collect.ImmutableList$1                                       : loaded 2 times (x 95B)
Class com.google.common.base.Splitter$Strategy                                        : loaded 2 times (x 68B)
Class build_5upwur0uhs9b1hjj1k3nt5rwk$_run_closure1                                   : loaded 2 times (x 137B)
Class com.google.common.collect.ImmutableMapEntrySet$RegularEntrySet                  : loaded 2 times (x 149B)
Class [Lcom.google.common.cache.RemovalListener;                                      : loaded 2 times (x 67B)
Class [Lcom.google.common.collect.ImmutableMapEntry;                                  : loaded 2 times (x 67B)
Class org.gradle.internal.installation.CurrentGradleInstallation                      : loaded 2 times (x 71B)
Class org.gradle.internal.agents.InstrumentingClassLoader                             : loaded 2 times (x 68B)
Class org.gradle.internal.installation.CurrentGradleInstallationLocator               : loaded 2 times (x 69B)
Class [Lcom.google.common.cache.LocalCache$Segment;                                   : loaded 2 times (x 67B)
Class org.gradle.api.internal.classpath.Module                                        : loaded 2 times (x 68B)
Class com.google.common.collect.ImmutableSortedSet                                    : loaded 2 times (x 233B)
Class com.google.common.base.Splitter$1$1                                             : loaded 2 times (x 84B)
Class com.google.common.collect.ImmutableSet$JdkBackedSetBuilderImpl                  : loaded 2 times (x 74B)
Class com.google.common.collect.ImmutableSet$RegularSetBuilderImpl                    : loaded 2 times (x 75B)
Class [Lorg.objectweb.asm.AnnotationWriter;                                           : loaded 2 times (x 67B)
Class org.gradle.internal.service.CachingServiceLocator                               : loaded 2 times (x 80B)
Class [Lcom.google.common.collect.ImmutableEntry;                                     : loaded 2 times (x 67B)
Class com.google.common.collect.Sets$ImprovedAbstractSet                              : loaded 2 times (x 133B)
Class org.gradle.internal.classpath.DefaultClassPath                                  : loaded 2 times (x 88B)
Class com.google.common.util.concurrent.AbstractFuture$SetFuture                      : loaded 2 times (x 73B)
Class com.google.common.collect.CollectCollectors                                     : loaded 2 times (x 69B)
Class com.google.common.collect.TransformedIterator                                   : loaded 2 times (x 78B)
Class com.google.common.base.Splitter$SplittingIterator                               : loaded 2 times (x 82B)
Class com.google.common.cache.LocalCache$LocalManualCache$1                           : loaded 2 times (x 73B)
Class org.objectweb.asm.SymbolTable$Entry                                             : loaded 2 times (x 72B)
Class [Lcom.google.common.cache.LocalCache$EntryFactory;                              : loaded 2 times (x 67B)
Class com.google.common.base.CharMatcher$Is                                           : loaded 2 times (x 109B)
Class com.google.common.base.Platform                                                 : loaded 2 times (x 69B)
Class com.google.common.collect.RegularImmutableAsList                                : loaded 2 times (x 176B)
Class com.google.common.collect.PeekingIterator                                       : loaded 2 times (x 68B)
Class com.google.common.collect.ImmutableMapEntrySet                                  : loaded 2 times (x 149B)
Class com.google.common.cache.CacheLoader                                             : loaded 2 times (x 72B)
Class com.google.common.collect.ImmutableBiMapFauxverideShim                          : loaded 2 times (x 118B)
Class org.objectweb.asm.MethodTooLargeException                                       : loaded 2 times (x 81B)
Class com.google.common.cache.Cache                                                   : loaded 2 times (x 68B)
Class com.google.common.collect.Maps$EntrySet                                         : loaded 2 times (x 134B)
Class org.gradle.internal.classloader.SystemClassLoaderSpec                           : loaded 2 times (x 69B)
Class com.google.common.util.concurrent.internal.InternalFutureFailureAccess          : loaded 2 times (x 70B)
Class com.google.common.base.Charsets                                                 : loaded 2 times (x 69B)
Class com.google.common.primitives.Ints$IntConverter                                  : loaded 2 times (x 88B)
Class com.google.common.collect.SingletonImmutableSet                                 : loaded 2 times (x 144B)
Class [Lcom.google.common.base.AbstractIterator$State;                                : loaded 2 times (x 67B)
Class com.google.common.collect.ImmutableMap$Builder                                  : loaded 2 times (x 80B)
Class com.google.common.base.AbstractIterator                                         : loaded 2 times (x 78B)
Class org.objectweb.asm.ClassWriter                                                   : loaded 2 times (x 104B)
Class com.google.common.collect.Range                                                 : loaded 2 times (x 85B)
Class com.google.common.base.AbstractIterator$1                                       : loaded 2 times (x 69B)
Class [Lcom.google.common.cache.CacheBuilder$OneWeigher;                              : loaded 2 times (x 67B)
Class com.google.common.collect.Iterators                                             : loaded 2 times (x 69B)
Class com.google.common.base.CharMatcher$1                                            : loaded 2 times (x 111B)
Class com.google.common.base.CharMatcher$Ascii                                        : loaded 2 times (x 110B)
Class com.google.common.cache.LocalCache$ComputingValueReference                      : loaded 2 times (x 94B)
Class org.gradle.api.UncheckedIOException                                             : loaded 2 times (x 80B)
Class com.google.common.base.CharMatcher$And                                          : loaded 2 times (x 110B)
Class com.google.common.io.Files$FileByteSink                                         : loaded 2 times (x 75B)
Class com.google.common.collect.IndexedImmutableSet                                   : loaded 2 times (x 148B)
Class com.google.common.base.ExtraObjectsMethodsForWeb                                : loaded 2 times (x 69B)
Class com.google.common.collect.IndexedImmutableSet$1                                 : loaded 2 times (x 172B)
Class com.google.common.collect.AbstractListMultimap                                  : loaded 2 times (x 170B)
Class com.google.common.base.CharMatcher$Any                                          : loaded 2 times (x 110B)
Class com.google.common.cache.LocalCache$Strength                                     : loaded 2 times (x 79B)
Class com.google.common.collect.AbstractMapBasedMultimap$KeySet                       : loaded 2 times (x 135B)
Class com.google.common.collect.SortedIterable                                        : loaded 2 times (x 68B)
Class com.google.common.collect.ArrayListMultimapGwtSerializationDependencies         : loaded 2 times (x 170B)
Class com.google.common.base.CharMatcher$RangesMatcher                                : loaded 2 times (x 110B)
Class com.google.common.collect.AbstractMapBasedMultimap$RandomAccessWrappedList      : loaded 2 times (x 165B)
Class org.objectweb.asm.Handler                                                       : loaded 2 times (x 70B)
Class com.google.common.collect.ImmutableList$SubList                                 : loaded 2 times (x 168B)
Class com.google.common.cache.LocalCache$ValueReference                               : loaded 2 times (x 68B)
Class org.gradle.internal.classloader.ClasspathUtil                                   : loaded 2 times (x 69B)
Class org.objectweb.asm.CurrentFrame                                                  : loaded 2 times (x 71B)
Class com.google.common.util.concurrent.AbstractFuture                                : loaded 2 times (x 93B)
Class com.google.common.base.Splitter$1                                               : loaded 2 times (x 75B)
Class com.google.common.collect.TransformedListIterator                               : loaded 2 times (x 91B)
Class com.google.common.base.Ticker$1                                                 : loaded 2 times (x 70B)
Class com.google.common.collect.Maps$BiMapConverter                                   : loaded 2 times (x 88B)
Class org.gradle.api.internal.DefaultClassPathRegistry                                : loaded 2 times (x 74B)
Class [Lorg.objectweb.asm.Symbol;                                                     : loaded 2 times (x 67B)
Class com.google.common.util.concurrent.AbstractFuture$Cancellation                   : loaded 2 times (x 70B)
Class com.google.common.collect.ImmutableSet$SetBuilderImpl                           : loaded 2 times (x 74B)
Class org.gradle.api.internal.classpath.DefaultModuleRegistry$DefaultModule           : loaded 2 times (x 84B)
Class com.google.common.base.CharMatcher$JavaIsoControl                               : loaded 2 times (x 110B)
Class com.google.common.collect.ImmutableMap$1                                        : loaded 2 times (x 79B)
Class com.google.common.base.CharMatcher$Or                                           : loaded 2 times (x 110B)
Class com.google.common.base.Suppliers$SupplierOfInstance                             : loaded 2 times (x 77B)
Class org.objectweb.asm.RecordComponentVisitor                                        : loaded 2 times (x 75B)
Class com.google.common.collect.Iterables                                             : loaded 2 times (x 69B)
Class com.google.common.base.CharMatcher$JavaLowerCase                                : loaded 2 times (x 109B)
Class org.objectweb.asm.ClassTooLargeException                                        : loaded 2 times (x 81B)
Class org.gradle.api.internal.classpath.UnknownModuleException                        : loaded 2 times (x 80B)
Class com.google.common.util.concurrent.AbstractFuture$Listener                       : loaded 2 times (x 70B)
Class org.objectweb.asm.Edge                                                          : loaded 2 times (x 70B)
Class com.google.common.collect.Maps$EntryTransformer                                 : loaded 2 times (x 68B)
Class com.google.common.collect.ImmutableCollection$Builder                           : loaded 2 times (x 74B)
Class [Lorg.objectweb.asm.SymbolTable$Entry;                                          : loaded 2 times (x 67B)
Class com.google.common.collect.SingletonImmutableBiMap                               : loaded 2 times (x 141B)
Class com.google.common.base.CommonPattern                                            : loaded 2 times (x 72B)
Class com.google.common.base.Suppliers                                                : loaded 2 times (x 69B)
Class org.objectweb.asm.ClassVisitor                                                  : loaded 2 times (x 86B)
Class com.google.common.cache.LoadingCache                                            : loaded 2 times (x 68B)
Class org.gradle.internal.service.ServiceLookupException                              : loaded 2 times (x 80B)
Class org.gradle.cache.GlobalCache                                                    : loaded 2 times (x 68B)
Class com.google.common.base.CharMatcher$NegatedFastMatcher                           : loaded 2 times (x 111B)
Class [Lorg.gradle.api.internal.ClassPathProvider;                                    : loaded 2 times (x 67B)
Class com.google.common.util.concurrent.AbstractFuture$SafeAtomicHelper               : loaded 2 times (x 77B)
Class org.gradle.util.internal.GUtil                                                  : loaded 2 times (x 69B)
Class com.google.common.math.IntMath                                                  : loaded 2 times (x 69B)
Class com.google.common.collect.AbstractIterator                                      : loaded 2 times (x 80B)
Class org.gradle.internal.classloader.ClassLoaderSpec                                 : loaded 2 times (x 69B)
Class com.google.common.io.LineProcessor                                              : loaded 2 times (x 68B)
Class com.google.common.base.NullnessCasts                                            : loaded 2 times (x 69B)
Class org.objectweb.asm.Frame                                                         : loaded 2 times (x 71B)
Class com.google.common.cache.LocalCache$LocalManualCache                             : loaded 2 times (x 97B)
Class com.google.common.collect.AbstractMapEntry                                      : loaded 2 times (x 79B)
Class com.google.common.collect.ImmutableList$Builder                                 : loaded 2 times (x 75B)
Class com.google.common.base.CharMatcher$Negated                                      : loaded 2 times (x 111B)
Class com.google.common.cache.CacheLoader$1                                           : loaded 2 times (x 73B)
Class com.google.common.util.concurrent.AbstractFuture$TrustedFuture                  : loaded 2 times (x 95B)
Class com.google.common.collect.Maps$ViewCachingAbstractMap                           : loaded 2 times (x 123B)
Class com.google.common.collect.Sets                                                  : loaded 2 times (x 69B)
Class com.google.common.collect.ImmutableSet$Builder                                  : loaded 2 times (x 83B)
Class com.google.common.base.CharMatcher$ForPredicate                                 : loaded 2 times (x 110B)
Class com.google.common.collect.ImmutableMap$MapViewOfValuesAsSingletonSets           : loaded 2 times (x 123B)
Class com.google.common.base.MoreObjects                                              : loaded 2 times (x 69B)
Class com.google.common.collect.SortedMapDifference                                   : loaded 2 times (x 68B)
Class org.objectweb.asm.SymbolTable                                                   : loaded 2 times (x 70B)
Class [Lorg.objectweb.asm.AnnotationVisitor;                                          : loaded 2 times (x 67B)
Class com.google.common.cache.CacheStats                                              : loaded 2 times (x 69B)
Class org.objectweb.asm.Attribute                                                     : loaded 2 times (x 75B)
Class org.gradle.internal.classloader.VisitableURLClassLoader                         : loaded 2 times (x 115B)
Class com.google.common.cache.LocalCache$LocalLoadingCache                            : loaded 2 times (x 132B)
Class com.google.common.base.Supplier                                                 : loaded 2 times (x 68B)
Class com.google.common.base.Objects                                                  : loaded 2 times (x 69B)
Class com.google.common.util.concurrent.AbstractFuture$AtomicHelper                   : loaded 2 times (x 76B)
Class com.google.common.collect.ImmutableBiMap                                        : loaded 2 times (x 141B)
Class org.gradle.internal.Cast                                                        : loaded 2 times (x 69B)
Class org.gradle.api.internal.ClassPathRegistry                                       : loaded 2 times (x 68B)
Class com.google.common.cache.LocalCache$EntryFactory                                 : loaded 2 times (x 81B)
Class com.google.common.util.concurrent.UncheckedExecutionException                   : loaded 2 times (x 80B)
Class com.google.common.collect.ImmutableSet                                          : loaded 2 times (x 143B)
Class org.gradle.internal.classloader.VisitableURLClassLoader$InstrumentingVisitableURLClassLoader: loaded 2 times (x 121B)
Class org.gradle.internal.classloader.ClassLoaderHierarchy                            : loaded 2 times (x 68B)
Class com.google.common.collect.AbstractMapBasedMultimap$WrappedList                  : loaded 2 times (x 165B)
Class [Lorg.objectweb.asm.Type;                                                       : loaded 2 times (x 67B)
Class com.google.common.base.AbstractIterator$State                                   : loaded 2 times (x 77B)
Class com.google.common.cache.Weigher                                                 : loaded 2 times (x 68B)
Class com.google.common.base.CharMatcher$NamedFastMatcher                             : loaded 2 times (x 110B)
Class org.gradle.internal.InternalTransformer                                         : loaded 2 times (x 68B)
Class org.gradle.internal.service.ServiceLocator                                      : loaded 2 times (x 68B)
Class com.google.common.collect.ImmutableRangeSet$1                                   : loaded 2 times (x 169B)
Class com.google.common.util.concurrent.SettableFuture                                : loaded 2 times (x 95B)
Class com.google.common.io.Files$2                                                    : loaded 2 times (x 74B)
Class com.google.common.collect.ImmutableMapEntry                                     : loaded 2 times (x 83B)
Class com.google.common.base.CharMatcher$Invisible                                    : loaded 2 times (x 110B)
Class com.google.common.base.Joiner$1                                                 : loaded 2 times (x 78B)
Class com.google.common.base.Joiner$2                                                 : loaded 2 times (x 77B)
Class com.google.common.base.CharMatcher$FastMatcher                                  : loaded 2 times (x 109B)
Class org.gradle.internal.classpath.DefaultClassPath$ImmutableUniqueList              : loaded 2 times (x 159B)
Class com.google.common.base.CharMatcher$JavaLetter                                   : loaded 2 times (x 109B)
Class org.gradle.internal.classpath.TransformedClassPath                              : loaded 2 times (x 94B)
Class com.google.common.collect.MapDifference                                         : loaded 2 times (x 68B)
Class com.google.common.collect.Sets$1                                                : loaded 2 times (x 137B)
Class com.google.common.collect.Sets$2                                                : loaded 2 times (x 137B)
Class com.google.common.util.concurrent.AbstractFuture$Trusted                        : loaded 2 times (x 68B)
Class com.google.common.collect.Sets$3                                                : loaded 2 times (x 137B)
Class com.google.common.graph.SuccessorsFunction                                      : loaded 2 times (x 68B)
Class com.google.common.collect.Sets$4                                                : loaded 2 times (x 137B)
Class com.google.common.io.ByteSink                                                   : loaded 2 times (x 74B)
Class com.google.common.collect.AbstractMapBasedMultimap$WrappedCollection$WrappedIterator: loaded 2 times (x 82B)
Class org.objectweb.asm.MethodWriter                                                  : loaded 2 times (x 104B)
Class com.google.common.collect.Platform                                              : loaded 2 times (x 69B)
Class com.google.common.collect.ImmutableAsList                                       : loaded 2 times (x 169B)
Class com.google.common.util.concurrent.ExecutionError                                : loaded 2 times (x 80B)
Class com.google.common.base.Equivalence$Identity                                     : loaded 2 times (x 80B)
Class com.google.common.base.CharMatcher$AnyOf                                        : loaded 2 times (x 110B)
Class com.google.common.base.CharMatcher$IsEither                                     : loaded 2 times (x 109B)
Class com.google.common.cache.LocalCache                                              : loaded 2 times (x 185B)
Class com.google.common.collect.ImmutableRangeSet$Builder                             : loaded 2 times (x 75B)
Class com.google.common.collect.RegularImmutableList                                  : loaded 2 times (x 172B)
Class com.google.common.util.concurrent.AbstractFuture$UnsafeAtomicHelper$1           : loaded 2 times (x 74B)
Class com.google.common.base.CharMatcher$JavaUpperCase                                : loaded 2 times (x 109B)
Class com.google.common.collect.Multiset                                              : loaded 2 times (x 68B)
Class com.google.common.collect.ImmutableSet$CachingAsList                            : loaded 2 times (x 145B)
Class org.objectweb.asm.MethodVisitor                                                 : loaded 2 times (x 103B)
Class com.google.common.collect.AbstractMapBasedMultimap$KeySet$1                     : loaded 2 times (x 80B)
Class com.google.common.collect.ImmutableMapEntry$NonTerminalImmutableMapEntry        : loaded 2 times (x 83B)
Class com.google.common.collect.AbstractMapBasedMultimap                              : loaded 2 times (x 137B)


---------------  S Y S T E M  ---------------

OS:
 Windows 11 , 64 bit Build 22621 (10.0.22621.3958)
OS uptime: 13 days 11:43 hours
Hyper-V role detected

CPU: total 12 (initial active 12) (12 cores per cpu, 2 threads per core) family 25 model 68 stepping 1 microcode 0x0, cx8, cmov, fxsr, ht, mmx, 3dnowpref, sse, sse2, sse3, ssse3, sse4a, sse4.1, sse4.2, popcnt, lzcnt, tsc, tscinvbit, avx, avx2, aes, erms, clmul, bmi1, bmi2, adx, sha, fma, vzeroupper, clflush, clflushopt, hv
Processor Information for all 12 processors :
  Max Mhz: 3301, Current Mhz: 2496, Mhz Limit: 3301

Memory: 4k page, system-wide physical 7498M (193M free)
TotalPageFile size 30026M (AvailPageFile size 7M)
current process WorkingSet (physical memory assigned to process): 444M, peak: 444M
current process commit charge ("private bytes"): 479M, peak: 481M

vm_info: OpenJDK 64-Bit Server VM (17.0.11+0--11852314) for windows-amd64 JRE (17.0.11+0--11852314), built on May 16 2024 21:29:20 by "androidbuild" with MS VC++ 16.10 / 16.11 (VS2019)

END.
