#
# There is insufficient memory for the Java Runtime Environment to continue.
# Native memory allocation (malloc) failed to allocate 1881456 bytes. Error detail: Chunk::new
# Possible reasons:
#   The system is out of physical RAM or swap space
#   This process is running with CompressedOops enabled, and the Java Heap may be blocking the growth of the native heap
# Possible solutions:
#   Reduce memory load on the system
#   Increase physical memory or swap space
#   Check if swap backing store is full
#   Decrease Java heap size (-Xmx/-Xms)
#   Decrease number of Java threads
#   Decrease Java thread stack sizes (-Xss)
#   Set larger code cache with -XX:ReservedCodeCacheSize=
#   JVM is running with Unscaled Compressed Oops mode in which the Java heap is
#     placed in the first 4GB address space. The Java Heap base address is the
#     maximum limit for the native heap growth. Please use -XX:HeapBaseMinAddress
#     to set the Java Heap base and to place the Java Heap above 4GB virtual address.
# This output file may be truncated or incomplete.
#
#  Out of Memory Error (arena.cpp:191), pid=11332, tid=35324
#
# JRE version: OpenJDK Runtime Environment (17.0.11) (build 17.0.11+0--11852314)
# Java VM: OpenJDK 64-Bit Server VM (17.0.11+0--11852314, mixed mode, tiered, compressed oops, compressed class ptrs, g1 gc, windows-amd64)
# No core dump will be written. Minidumps are not enabled by default on client versions of Windows
#

---------------  S U M M A R Y ------------

Command Line: --add-opens=java.base/java.util=ALL-UNNAMED --add-opens=java.base/java.lang=ALL-UNNAMED --add-opens=java.base/java.lang.invoke=ALL-UNNAMED --add-opens=java.prefs/java.util.prefs=ALL-UNNAMED --add-opens=java.base/java.nio.charset=ALL-UNNAMED --add-opens=java.base/java.net=ALL-UNNAMED --add-opens=java.base/java.util.concurrent.atomic=ALL-UNNAMED -Xmx2048m -Dfile.encoding=UTF-8 -Duser.country=PE -Duser.language=es -Duser.variant -javaagent:C:\Users\Gerardo\.gradle\wrapper\dists\gradle-8.7-bin\bhs2wmbdwecv87pi65oeuq5iu\gradle-8.7\lib\agents\gradle-instrumentation-agent-8.7.jar org.gradle.launcher.daemon.bootstrap.GradleDaemon 8.7

Host: AMD Ryzen 5 7535HS with Radeon Graphics        , 12 cores, 7G,  Windows 11 , 64 bit Build 22621 (10.0.22621.3958)
Time: Wed Sep 25 12:48:24 2024 Hora est. Pacífico, Sudamérica elapsed time: 16.786429 seconds (0d 0h 0m 16s)

---------------  T H R E A D  ---------------

Current thread (0x000002189315e240):  JavaThread "C2 CompilerThread0" daemon [_thread_in_native, id=35324, stack(0x000000eac8e00000,0x000000eac8f00000)]


Current CompileTask:
C2:  16786 8243 %     4       org.gradle.internal.instantiation.generator.AbstractClassGenerator::inspectType @ 107 (560 bytes)

Stack: [0x000000eac8e00000,0x000000eac8f00000]
Native frames: (J=compiled Java code, j=interpreted, Vv=VM code, C=native code)
V  [jvm.dll+0x687bb9]
V  [jvm.dll+0x84142a]
V  [jvm.dll+0x8430ae]
V  [jvm.dll+0x843713]
V  [jvm.dll+0x24a35f]
V  [jvm.dll+0xac544]
V  [jvm.dll+0xacb8c]
V  [jvm.dll+0x369c37]
V  [jvm.dll+0x33416a]
V  [jvm.dll+0x33360a]
V  [jvm.dll+0x21bed1]
V  [jvm.dll+0x21b311]
V  [jvm.dll+0x1a63ed]
V  [jvm.dll+0x22b1ee]
V  [jvm.dll+0x229375]
V  [jvm.dll+0x7f5647]
V  [jvm.dll+0x7efa4a]
V  [jvm.dll+0x686a35]
C  [ucrtbase.dll+0x29333]
C  [KERNEL32.DLL+0x1257d]
C  [ntdll.dll+0x5af28]


---------------  P R O C E S S  ---------------

Threads class SMR info:
_java_thread_list=0x000002189b80c120, length=63, elements={
0x00000218f8c70e40, 0x00000218fff13e20, 0x00000218fff15900, 0x00000218fff3e1f0,
0x0000021893155020, 0x0000021893157900, 0x0000021893158970, 0x000002189315e240,
0x0000021893161260, 0x0000021893162400, 0x00000218ffeb1860, 0x00000218933ceea0,
0x0000021898671eb0, 0x000002189913b560, 0x0000021898708750, 0x00000218986b6660,
0x0000021898bbd170, 0x00000218987b2fa0, 0x00000218998377b0, 0x00000218985ccff0,
0x00000218985cc5d0, 0x00000218985cb190, 0x00000218985cbbb0, 0x00000218985ce430,
0x00000218985cc0c0, 0x00000218985cac80, 0x0000021899f06030, 0x0000021899f06a50,
0x0000021899f0b640, 0x0000021899f0bb50, 0x0000021899f06f60, 0x0000021899f07470,
0x0000021899f046e0, 0x0000021899f07e90, 0x0000021899f0a200, 0x0000021899f0b130,
0x0000021899f097e0, 0x0000021899f088b0, 0x0000021899f09cf0, 0x0000021899f0a710,
0x0000021899f083a0, 0x0000021899f08dc0, 0x0000021899f0c060, 0x0000021899f0ac20,
0x0000021899f04bf0, 0x0000021899f05610, 0x0000021899f05b20, 0x0000021899f06540,
0x000002189a652b10, 0x000002189a654e80, 0x000002189a653020, 0x000002189a655390,
0x000002189a653530, 0x000002189a6520f0, 0x000002189a653a40, 0x000002189a653f50,
0x000002189a651be0, 0x000002189a652600, 0x000002189a654460, 0x000002189a654970,
0x00000218985ccae0, 0x000002189af63920, 0x000002189af63410
}

Java Threads: ( => current thread )
  0x00000218f8c70e40 JavaThread "main" [_thread_blocked, id=15536, stack(0x000000eac8100000,0x000000eac8200000)]
  0x00000218fff13e20 JavaThread "Reference Handler" daemon [_thread_blocked, id=36124, stack(0x000000eac8800000,0x000000eac8900000)]
  0x00000218fff15900 JavaThread "Finalizer" daemon [_thread_blocked, id=16852, stack(0x000000eac8900000,0x000000eac8a00000)]
  0x00000218fff3e1f0 JavaThread "Signal Dispatcher" daemon [_thread_blocked, id=27372, stack(0x000000eac8a00000,0x000000eac8b00000)]
  0x0000021893155020 JavaThread "Attach Listener" daemon [_thread_blocked, id=13760, stack(0x000000eac8b00000,0x000000eac8c00000)]
  0x0000021893157900 JavaThread "Service Thread" daemon [_thread_blocked, id=39676, stack(0x000000eac8c00000,0x000000eac8d00000)]
  0x0000021893158970 JavaThread "Monitor Deflation Thread" daemon [_thread_blocked, id=33860, stack(0x000000eac8d00000,0x000000eac8e00000)]
=>0x000002189315e240 JavaThread "C2 CompilerThread0" daemon [_thread_in_native, id=35324, stack(0x000000eac8e00000,0x000000eac8f00000)]
  0x0000021893161260 JavaThread "C1 CompilerThread0" daemon [_thread_blocked, id=37700, stack(0x000000eac8f00000,0x000000eac9000000)]
  0x0000021893162400 JavaThread "Sweeper thread" daemon [_thread_blocked, id=36748, stack(0x000000eac9000000,0x000000eac9100000)]
  0x00000218ffeb1860 JavaThread "Common-Cleaner" daemon [_thread_blocked, id=16140, stack(0x000000eac9100000,0x000000eac9200000)]
  0x00000218933ceea0 JavaThread "Notification Thread" daemon [_thread_blocked, id=21788, stack(0x000000eac9200000,0x000000eac9300000)]
  0x0000021898671eb0 JavaThread "Daemon health stats" [_thread_blocked, id=29740, stack(0x000000eac9900000,0x000000eac9a00000)]
  0x000002189913b560 JavaThread "Incoming local TCP Connector on port 62634" [_thread_in_native, id=8904, stack(0x000000eac9400000,0x000000eac9500000)]
  0x0000021898708750 JavaThread "Daemon periodic checks" [_thread_blocked, id=33488, stack(0x000000eac9a00000,0x000000eac9b00000)]
  0x00000218986b6660 JavaThread "Daemon" [_thread_blocked, id=18440, stack(0x000000eac9b00000,0x000000eac9c00000)]
  0x0000021898bbd170 JavaThread "Handler for socket connection from /127.0.0.1:62634 to /127.0.0.1:62635" [_thread_in_native, id=40416, stack(0x000000eac9c00000,0x000000eac9d00000)]
  0x00000218987b2fa0 JavaThread "Cancel handler" [_thread_blocked, id=23412, stack(0x000000eac9d00000,0x000000eac9e00000)]
  0x00000218998377b0 JavaThread "Daemon worker" [_thread_in_vm, id=33564, stack(0x000000eac9e00000,0x000000eac9f00000)]
  0x00000218985ccff0 JavaThread "Asynchronous log dispatcher for DefaultDaemonConnection: socket connection from /127.0.0.1:62634 to /127.0.0.1:62635" [_thread_blocked, id=6032, stack(0x000000eac9f00000,0x000000eaca000000)]
  0x00000218985cc5d0 JavaThread "Stdin handler" [_thread_blocked, id=31108, stack(0x000000eaca000000,0x000000eaca100000)]
  0x00000218985cb190 JavaThread "Daemon client event forwarder" [_thread_blocked, id=3348, stack(0x000000eaca100000,0x000000eaca200000)]
  0x00000218985cbbb0 JavaThread "Cache worker for journal cache (C:\Users\Gerardo\.gradle\caches\journal-1)" [_thread_blocked, id=24632, stack(0x000000eaca900000,0x000000eacaa00000)]
  0x00000218985ce430 JavaThread "File lock request listener" [_thread_in_native, id=25320, stack(0x000000eacaa00000,0x000000eacab00000)]
  0x00000218985cc0c0 JavaThread "Cache worker for file hash cache (C:\Users\Gerardo\.gradle\caches\8.7\fileHashes)" [_thread_blocked, id=2852, stack(0x000000eacab00000,0x000000eacac00000)]
  0x00000218985cac80 JavaThread "Cache worker for file hash cache (C:\Users\Gerardo\OneDrive\Documentos\Iot-Proyecto\proyectoIot\.gradle\8.7\fileHashes)" [_thread_blocked, id=14500, stack(0x000000eacac00000,0x000000eacad00000)]
  0x0000021899f06030 JavaThread "File watcher server" daemon [_thread_in_native, id=25864, stack(0x000000eacad00000,0x000000eacae00000)]
  0x0000021899f06a50 JavaThread "File watcher consumer" daemon [_thread_blocked, id=23692, stack(0x000000eacae00000,0x000000eacaf00000)]
  0x0000021899f0b640 JavaThread "Cache worker for checksums cache (C:\Users\Gerardo\OneDrive\Documentos\Iot-Proyecto\proyectoIot\.gradle\8.7\checksums)" [_thread_blocked, id=38044, stack(0x000000eacaf00000,0x000000eacb000000)]
  0x0000021899f0bb50 JavaThread "Cache worker for cache directory md-supplier (C:\Users\Gerardo\.gradle\caches\8.7\md-supplier)" [_thread_blocked, id=8596, stack(0x000000eacb000000,0x000000eacb100000)]
  0x0000021899f06f60 JavaThread "Cache worker for cache directory md-rule (C:\Users\Gerardo\.gradle\caches\8.7\md-rule)" [_thread_blocked, id=22212, stack(0x000000eacb100000,0x000000eacb200000)]
  0x0000021899f07470 JavaThread "Cache worker for file content cache (C:\Users\Gerardo\.gradle\caches\8.7\fileContent)" [_thread_blocked, id=19172, stack(0x000000eacb200000,0x000000eacb300000)]
  0x0000021899f046e0 JavaThread "jar transforms" [_thread_blocked, id=24544, stack(0x000000eacb300000,0x000000eacb400000)]
  0x0000021899f07e90 JavaThread "jar transforms Thread 2" [_thread_blocked, id=17836, stack(0x000000eacb400000,0x000000eacb500000)]
  0x0000021899f0a200 JavaThread "Cache worker for Build Output Cleanup Cache (C:\Users\Gerardo\OneDrive\Documentos\Iot-Proyecto\proyectoIot\.gradle\buildOutputCleanup)" [_thread_blocked, id=30860, stack(0x000000eacb500000,0x000000eacb600000)]
  0x0000021899f0b130 JavaThread "jar transforms Thread 3" [_thread_blocked, id=28692, stack(0x000000eacb600000,0x000000eacb700000)]
  0x0000021899f097e0 JavaThread "Unconstrained build operations" [_thread_blocked, id=20116, stack(0x000000eacb700000,0x000000eacb800000)]
  0x0000021899f088b0 JavaThread "Unconstrained build operations Thread 2" [_thread_blocked, id=32100, stack(0x000000eacb800000,0x000000eacb900000)]
  0x0000021899f09cf0 JavaThread "Unconstrained build operations Thread 3" [_thread_blocked, id=37972, stack(0x000000eacb900000,0x000000eacba00000)]
  0x0000021899f0a710 JavaThread "Unconstrained build operations Thread 4" [_thread_blocked, id=8728, stack(0x000000eacba00000,0x000000eacbb00000)]
  0x0000021899f083a0 JavaThread "Unconstrained build operations Thread 5" [_thread_blocked, id=28976, stack(0x000000eacbb00000,0x000000eacbc00000)]
  0x0000021899f08dc0 JavaThread "Unconstrained build operations Thread 6" [_thread_blocked, id=37736, stack(0x000000eacbc00000,0x000000eacbd00000)]
  0x0000021899f0c060 JavaThread "Unconstrained build operations Thread 7" [_thread_blocked, id=10704, stack(0x000000eacbd00000,0x000000eacbe00000)]
  0x0000021899f0ac20 JavaThread "Unconstrained build operations Thread 8" [_thread_blocked, id=40600, stack(0x000000eacbe00000,0x000000eacbf00000)]
  0x0000021899f04bf0 JavaThread "Unconstrained build operations Thread 9" [_thread_blocked, id=28252, stack(0x000000eacbf00000,0x000000eacc000000)]
  0x0000021899f05610 JavaThread "Unconstrained build operations Thread 10" [_thread_blocked, id=31972, stack(0x000000eacc000000,0x000000eacc100000)]
  0x0000021899f05b20 JavaThread "Unconstrained build operations Thread 11" [_thread_blocked, id=33264, stack(0x000000eacc100000,0x000000eacc200000)]
  0x0000021899f06540 JavaThread "Unconstrained build operations Thread 12" [_thread_blocked, id=29932, stack(0x000000eacc200000,0x000000eacc300000)]
  0x000002189a652b10 JavaThread "Unconstrained build operations Thread 13" [_thread_blocked, id=35884, stack(0x000000eacc300000,0x000000eacc400000)]
  0x000002189a654e80 JavaThread "Unconstrained build operations Thread 14" [_thread_blocked, id=28108, stack(0x000000eacc400000,0x000000eacc500000)]
  0x000002189a653020 JavaThread "Unconstrained build operations Thread 15" [_thread_blocked, id=31156, stack(0x000000eacc500000,0x000000eacc600000)]
  0x000002189a655390 JavaThread "Unconstrained build operations Thread 16" [_thread_blocked, id=14292, stack(0x000000eacc600000,0x000000eacc700000)]
  0x000002189a653530 JavaThread "Unconstrained build operations Thread 17" [_thread_blocked, id=7676, stack(0x000000eacc700000,0x000000eacc800000)]
  0x000002189a6520f0 JavaThread "Unconstrained build operations Thread 18" [_thread_blocked, id=22404, stack(0x000000eacc800000,0x000000eacc900000)]
  0x000002189a653a40 JavaThread "Unconstrained build operations Thread 19" [_thread_blocked, id=2856, stack(0x000000eacc900000,0x000000eacca00000)]
  0x000002189a653f50 JavaThread "Unconstrained build operations Thread 20" [_thread_blocked, id=28000, stack(0x000000eacca00000,0x000000eaccb00000)]
  0x000002189a651be0 JavaThread "Unconstrained build operations Thread 21" [_thread_blocked, id=7856, stack(0x000000eaccb00000,0x000000eaccc00000)]
  0x000002189a652600 JavaThread "Unconstrained build operations Thread 22" [_thread_blocked, id=13212, stack(0x000000eaccc00000,0x000000eaccd00000)]
  0x000002189a654460 JavaThread "jar transforms Thread 4" [_thread_blocked, id=33352, stack(0x000000eaccd00000,0x000000eacce00000)]
  0x000002189a654970 JavaThread "jar transforms Thread 5" [_thread_blocked, id=7528, stack(0x000000eacce00000,0x000000eaccf00000)]
  0x00000218985ccae0 JavaThread "build event listener" [_thread_blocked, id=13284, stack(0x000000eaccf00000,0x000000eacd000000)]
  0x000002189af63920 JavaThread "Memory manager" [_thread_blocked, id=20960, stack(0x000000eacd000000,0x000000eacd100000)]
  0x000002189af63410 JavaThread "jar transforms Thread 6" [_thread_blocked, id=11856, stack(0x000000eacd100000,0x000000eacd200000)]

Other Threads:
  0x00000218fff2eba0 VMThread "VM Thread" [stack: 0x000000eac8700000,0x000000eac8800000] [id=10812]
  0x00000218f8c72820 WatcherThread [stack: 0x000000eac9300000,0x000000eac9400000] [id=7912]
  0x00000218f698eb10 GCTaskThread "GC Thread#0" [stack: 0x000000eac8200000,0x000000eac8300000] [id=17660]
  0x0000021898658610 GCTaskThread "GC Thread#1" [stack: 0x000000eac9500000,0x000000eac9600000] [id=20292]
  0x0000021893518ce0 GCTaskThread "GC Thread#2" [stack: 0x000000eac9600000,0x000000eac9700000] [id=11924]
  0x00000218980ca3b0 GCTaskThread "GC Thread#3" [stack: 0x000000eac9700000,0x000000eac9800000] [id=20400]
  0x00000218985ebc70 GCTaskThread "GC Thread#4" [stack: 0x000000eac9800000,0x000000eac9900000] [id=35800]
  0x000002189902a8d0 GCTaskThread "GC Thread#5" [stack: 0x000000eaca200000,0x000000eaca300000] [id=9596]
  0x000002189902bc10 GCTaskThread "GC Thread#6" [stack: 0x000000eaca300000,0x000000eaca400000] [id=15936]
  0x000002189902ab90 GCTaskThread "GC Thread#7" [stack: 0x000000eaca400000,0x000000eaca500000] [id=6004]
  0x000002189902ae50 GCTaskThread "GC Thread#8" [stack: 0x000000eaca500000,0x000000eaca600000] [id=12456]
  0x000002189902a090 GCTaskThread "GC Thread#9" [stack: 0x000000eaca600000,0x000000eaca700000] [id=37280]
  0x00000218f8cdd230 ConcurrentGCThread "G1 Main Marker" [stack: 0x000000eac8300000,0x000000eac8400000] [id=35336]
  0x00000218f8cddaf0 ConcurrentGCThread "G1 Conc#0" [stack: 0x000000eac8400000,0x000000eac8500000] [id=31672]
  0x000002189902b690 ConcurrentGCThread "G1 Conc#1" [stack: 0x000000eaca700000,0x000000eaca800000] [id=22124]
  0x000002189902a350 ConcurrentGCThread "G1 Conc#2" [stack: 0x000000eaca800000,0x000000eaca900000] [id=7924]
  0x00000218f8d1d540 ConcurrentGCThread "G1 Refine#0" [stack: 0x000000eac8500000,0x000000eac8600000] [id=13700]
  0x00000218f8d1de10 ConcurrentGCThread "G1 Service" [stack: 0x000000eac8600000,0x000000eac8700000] [id=23292]

Threads with active compile tasks:
C2 CompilerThread0    16833 8243 %     4       org.gradle.internal.instantiation.generator.AbstractClassGenerator::inspectType @ 107 (560 bytes)

VM state: not at safepoint (normal execution)

VM Mutex/Monitor currently owned by a thread: None

Heap address: 0x0000000080000000, size: 2048 MB, Compressed Oops mode: 32-bit

CDS archive(s) not mapped
Compressed class space mapped at: 0x0000000100000000-0x0000000140000000, reserved size: 1073741824
Narrow klass base: 0x0000000000000000, Narrow klass shift: 3, Narrow klass range: 0x140000000

GC Precious Log:
 CPUs: 12 total, 12 available
 Memory: 7498M
 Large Page Support: Disabled
 NUMA Support: Disabled
 Compressed Oops: Enabled (32-bit)
 Heap Region Size: 1M
 Heap Min Capacity: 8M
 Heap Initial Capacity: 118M
 Heap Max Capacity: 2G
 Pre-touch: Disabled
 Parallel Workers: 10
 Concurrent Workers: 3
 Concurrent Refinement Workers: 10
 Periodic GC: Disabled

Heap:
 garbage-first heap   total 299008K, used 168059K [0x0000000080000000, 0x0000000100000000)
  region size 1024K, 101 young (103424K), 2 survivors (2048K)
 Metaspace       used 83245K, committed 83904K, reserved 1179648K
  class space    used 11368K, committed 11648K, reserved 1048576K

Heap Regions: E=young(eden), S=young(survivor), O=old, HS=humongous(starts), HC=humongous(continues), CS=collection set, F=free, OA=open archive, CA=closed archive, TAMS=top-at-mark-start (previous, next)
|   0|0x0000000080000000, 0x0000000080100000, 0x0000000080100000|100%|HS|  |TAMS 0x0000000080100000, 0x0000000080000000| Complete 
|   1|0x0000000080100000, 0x0000000080200000, 0x0000000080200000|100%|HC|  |TAMS 0x0000000080200000, 0x0000000080100000| Complete 
|   2|0x0000000080200000, 0x0000000080300000, 0x0000000080300000|100%|HC|  |TAMS 0x0000000080300000, 0x0000000080200000| Complete 
|   3|0x0000000080300000, 0x0000000080400000, 0x0000000080400000|100%|HC|  |TAMS 0x0000000080400000, 0x0000000080300000| Complete 
|   4|0x0000000080400000, 0x0000000080500000, 0x0000000080500000|100%| O|  |TAMS 0x0000000080500000, 0x0000000080400000| Untracked 
|   5|0x0000000080500000, 0x0000000080600000, 0x0000000080600000|100%| O|  |TAMS 0x0000000080600000, 0x0000000080500000| Untracked 
|   6|0x0000000080600000, 0x0000000080700000, 0x0000000080700000|100%| O|  |TAMS 0x0000000080700000, 0x0000000080600000| Untracked 
|   7|0x0000000080700000, 0x0000000080800000, 0x0000000080800000|100%| O|  |TAMS 0x0000000080800000, 0x0000000080700000| Untracked 
|   8|0x0000000080800000, 0x0000000080900000, 0x0000000080900000|100%| O|  |TAMS 0x0000000080900000, 0x0000000080800000| Untracked 
|   9|0x0000000080900000, 0x0000000080a00000, 0x0000000080a00000|100%| O|  |TAMS 0x0000000080a00000, 0x0000000080900000| Untracked 
|  10|0x0000000080a00000, 0x0000000080b00000, 0x0000000080b00000|100%| O|  |TAMS 0x0000000080a00000, 0x0000000080a00000| Untracked 
|  11|0x0000000080b00000, 0x0000000080c00000, 0x0000000080c00000|100%| O|  |TAMS 0x0000000080c00000, 0x0000000080b00000| Untracked 
|  12|0x0000000080c00000, 0x0000000080d00000, 0x0000000080d00000|100%| O|  |TAMS 0x0000000080d00000, 0x0000000080c00000| Untracked 
|  13|0x0000000080d00000, 0x0000000080e00000, 0x0000000080e00000|100%| O|  |TAMS 0x0000000080e00000, 0x0000000080d00000| Untracked 
|  14|0x0000000080e00000, 0x0000000080f00000, 0x0000000080f00000|100%| O|  |TAMS 0x0000000080f00000, 0x0000000080e00000| Untracked 
|  15|0x0000000080f00000, 0x0000000081000000, 0x0000000081000000|100%| O|  |TAMS 0x0000000081000000, 0x0000000080f00000| Untracked 
|  16|0x0000000081000000, 0x0000000081100000, 0x0000000081100000|100%| O|  |TAMS 0x0000000081100000, 0x0000000081000000| Untracked 
|  17|0x0000000081100000, 0x0000000081200000, 0x0000000081200000|100%| O|  |TAMS 0x0000000081200000, 0x0000000081100000| Untracked 
|  18|0x0000000081200000, 0x0000000081300000, 0x0000000081300000|100%| O|  |TAMS 0x0000000081300000, 0x0000000081200000| Untracked 
|  19|0x0000000081300000, 0x0000000081400000, 0x0000000081400000|100%| O|  |TAMS 0x0000000081400000, 0x0000000081300000| Untracked 
|  20|0x0000000081400000, 0x0000000081500000, 0x0000000081500000|100%| O|  |TAMS 0x0000000081500000, 0x0000000081400000| Untracked 
|  21|0x0000000081500000, 0x0000000081600000, 0x0000000081600000|100%| O|  |TAMS 0x0000000081600000, 0x0000000081500000| Untracked 
|  22|0x0000000081600000, 0x0000000081700000, 0x0000000081700000|100%| O|  |TAMS 0x0000000081700000, 0x0000000081600000| Untracked 
|  23|0x0000000081700000, 0x0000000081800000, 0x0000000081800000|100%| O|  |TAMS 0x0000000081700000, 0x0000000081700000| Untracked 
|  24|0x0000000081800000, 0x0000000081900000, 0x0000000081900000|100%| O|  |TAMS 0x0000000081900000, 0x0000000081800000| Untracked 
|  25|0x0000000081900000, 0x0000000081a00000, 0x0000000081a00000|100%| O|  |TAMS 0x0000000081a00000, 0x0000000081900000| Untracked 
|  26|0x0000000081a00000, 0x0000000081b00000, 0x0000000081b00000|100%| O|  |TAMS 0x0000000081b00000, 0x0000000081a00000| Untracked 
|  27|0x0000000081b00000, 0x0000000081c00000, 0x0000000081c00000|100%| O|  |TAMS 0x0000000081c00000, 0x0000000081b00000| Untracked 
|  28|0x0000000081c00000, 0x0000000081d00000, 0x0000000081d00000|100%| O|  |TAMS 0x0000000081d00000, 0x0000000081c00000| Untracked 
|  29|0x0000000081d00000, 0x0000000081e00000, 0x0000000081e00000|100%| O|  |TAMS 0x0000000081e00000, 0x0000000081d00000| Untracked 
|  30|0x0000000081e00000, 0x0000000081f00000, 0x0000000081f00000|100%| O|  |TAMS 0x0000000081e00000, 0x0000000081e00000| Untracked 
|  31|0x0000000081f00000, 0x0000000082000000, 0x0000000082000000|100%| O|  |TAMS 0x0000000082000000, 0x0000000081f00000| Untracked 
|  32|0x0000000082000000, 0x0000000082100000, 0x0000000082100000|100%| O|  |TAMS 0x0000000082100000, 0x0000000082000000| Untracked 
|  33|0x0000000082100000, 0x0000000082200000, 0x0000000082200000|100%| O|  |TAMS 0x0000000082200000, 0x0000000082100000| Untracked 
|  34|0x0000000082200000, 0x0000000082300000, 0x0000000082300000|100%| O|  |TAMS 0x0000000082300000, 0x0000000082200000| Untracked 
|  35|0x0000000082300000, 0x0000000082400000, 0x0000000082400000|100%| O|  |TAMS 0x0000000082400000, 0x0000000082300000| Untracked 
|  36|0x0000000082400000, 0x0000000082500000, 0x0000000082500000|100%| O|  |TAMS 0x0000000082500000, 0x0000000082400000| Untracked 
|  37|0x0000000082500000, 0x0000000082600000, 0x0000000082600000|100%| O|  |TAMS 0x0000000082600000, 0x0000000082500000| Untracked 
|  38|0x0000000082600000, 0x0000000082700000, 0x0000000082700000|100%| O|  |TAMS 0x0000000082700000, 0x0000000082600000| Untracked 
|  39|0x0000000082700000, 0x0000000082800000, 0x0000000082800000|100%| O|  |TAMS 0x0000000082800000, 0x0000000082700000| Untracked 
|  40|0x0000000082800000, 0x0000000082900000, 0x0000000082900000|100%| O|  |TAMS 0x0000000082900000, 0x0000000082800000| Untracked 
|  41|0x0000000082900000, 0x0000000082a00000, 0x0000000082a00000|100%|HS|  |TAMS 0x0000000082a00000, 0x0000000082900000| Complete 
|  42|0x0000000082a00000, 0x0000000082b00000, 0x0000000082b00000|100%|HS|  |TAMS 0x0000000082b00000, 0x0000000082a00000| Complete 
|  43|0x0000000082b00000, 0x0000000082c00000, 0x0000000082c00000|100%|HS|  |TAMS 0x0000000082c00000, 0x0000000082b00000| Complete 
|  44|0x0000000082c00000, 0x0000000082d00000, 0x0000000082d00000|100%|HS|  |TAMS 0x0000000082d00000, 0x0000000082c00000| Complete 
|  45|0x0000000082d00000, 0x0000000082e00000, 0x0000000082e00000|100%|HS|  |TAMS 0x0000000082e00000, 0x0000000082d00000| Complete 
|  46|0x0000000082e00000, 0x0000000082f00000, 0x0000000082f00000|100%|HS|  |TAMS 0x0000000082f00000, 0x0000000082e00000| Complete 
|  47|0x0000000082f00000, 0x0000000083000000, 0x0000000083000000|100%| O|  |TAMS 0x0000000083000000, 0x0000000082f00000| Untracked 
|  48|0x0000000083000000, 0x0000000083100000, 0x0000000083100000|100%| O|  |TAMS 0x0000000083100000, 0x0000000083000000| Untracked 
|  49|0x0000000083100000, 0x0000000083200000, 0x0000000083200000|100%| O|  |TAMS 0x0000000083200000, 0x0000000083100000| Untracked 
|  50|0x0000000083200000, 0x0000000083300000, 0x0000000083300000|100%| O|  |TAMS 0x0000000083300000, 0x0000000083200000| Untracked 
|  51|0x0000000083300000, 0x0000000083400000, 0x0000000083400000|100%| O|  |TAMS 0x0000000083400000, 0x0000000083300000| Untracked 
|  52|0x0000000083400000, 0x0000000083500000, 0x0000000083500000|100%| O|  |TAMS 0x0000000083500000, 0x0000000083400000| Untracked 
|  53|0x0000000083500000, 0x0000000083600000, 0x0000000083600000|100%| O|  |TAMS 0x0000000083600000, 0x0000000083500000| Untracked 
|  54|0x0000000083600000, 0x0000000083700000, 0x0000000083700000|100%| O|  |TAMS 0x0000000083700000, 0x0000000083600000| Untracked 
|  55|0x0000000083700000, 0x0000000083800000, 0x0000000083800000|100%| O|  |TAMS 0x00000000837c2a00, 0x0000000083700000| Untracked 
|  56|0x0000000083800000, 0x0000000083900000, 0x0000000083900000|100%| O|  |TAMS 0x0000000083900000, 0x0000000083800000| Untracked 
|  57|0x0000000083900000, 0x0000000083a00000, 0x0000000083a00000|100%| O|  |TAMS 0x0000000083a00000, 0x0000000083900000| Untracked 
|  58|0x0000000083a00000, 0x0000000083b00000, 0x0000000083b00000|100%| O|  |TAMS 0x0000000083b00000, 0x0000000083a00000| Untracked 
|  59|0x0000000083b00000, 0x0000000083c00000, 0x0000000083c00000|100%| O|  |TAMS 0x0000000083b00000, 0x0000000083b00000| Untracked 
|  60|0x0000000083c00000, 0x0000000083d00000, 0x0000000083d00000|100%| O|  |TAMS 0x0000000083c00000, 0x0000000083c00000| Untracked 
|  61|0x0000000083d00000, 0x0000000083e00000, 0x0000000083e00000|100%|HS|  |TAMS 0x0000000083e00000, 0x0000000083d00000| Complete 
|  62|0x0000000083e00000, 0x0000000083f00000, 0x0000000083f00000|100%| O|  |TAMS 0x0000000083e00000, 0x0000000083e00000| Untracked 
|  63|0x0000000083f00000, 0x0000000084000000, 0x0000000084000000|100%| O|  |TAMS 0x0000000083f00000, 0x0000000083f00000| Untracked 
|  64|0x0000000084000000, 0x000000008409ce00, 0x0000000084100000| 61%| O|  |TAMS 0x0000000084000000, 0x0000000084000000| Untracked 
|  65|0x0000000084100000, 0x0000000084200000, 0x0000000084200000|100%|HS|  |TAMS 0x0000000084100000, 0x0000000084100000| Complete 
|  66|0x0000000084200000, 0x0000000084200000, 0x0000000084300000|  0%| F|  |TAMS 0x0000000084200000, 0x0000000084200000| Untracked 
|  67|0x0000000084300000, 0x0000000084300000, 0x0000000084400000|  0%| F|  |TAMS 0x0000000084300000, 0x0000000084300000| Untracked 
|  68|0x0000000084400000, 0x0000000084400000, 0x0000000084500000|  0%| F|  |TAMS 0x0000000084400000, 0x0000000084400000| Untracked 
|  69|0x0000000084500000, 0x0000000084500000, 0x0000000084600000|  0%| F|  |TAMS 0x0000000084500000, 0x0000000084500000| Untracked 
|  70|0x0000000084600000, 0x0000000084600000, 0x0000000084700000|  0%| F|  |TAMS 0x0000000084600000, 0x0000000084600000| Untracked 
|  71|0x0000000084700000, 0x0000000084700000, 0x0000000084800000|  0%| F|  |TAMS 0x0000000084700000, 0x0000000084700000| Untracked 
|  72|0x0000000084800000, 0x0000000084800000, 0x0000000084900000|  0%| F|  |TAMS 0x0000000084800000, 0x0000000084800000| Untracked 
|  73|0x0000000084900000, 0x0000000084900000, 0x0000000084a00000|  0%| F|  |TAMS 0x0000000084900000, 0x0000000084900000| Untracked 
|  74|0x0000000084a00000, 0x0000000084a00000, 0x0000000084b00000|  0%| F|  |TAMS 0x0000000084a00000, 0x0000000084a00000| Untracked 
|  75|0x0000000084b00000, 0x0000000084b00000, 0x0000000084c00000|  0%| F|  |TAMS 0x0000000084b00000, 0x0000000084b00000| Untracked 
|  76|0x0000000084c00000, 0x0000000084c00000, 0x0000000084d00000|  0%| F|  |TAMS 0x0000000084c00000, 0x0000000084c00000| Untracked 
|  77|0x0000000084d00000, 0x0000000084d00000, 0x0000000084e00000|  0%| F|  |TAMS 0x0000000084d00000, 0x0000000084d00000| Untracked 
|  78|0x0000000084e00000, 0x0000000084e00000, 0x0000000084f00000|  0%| F|  |TAMS 0x0000000084e00000, 0x0000000084e00000| Untracked 
|  79|0x0000000084f00000, 0x0000000084f00000, 0x0000000085000000|  0%| F|  |TAMS 0x0000000084f00000, 0x0000000084f00000| Untracked 
|  80|0x0000000085000000, 0x0000000085000000, 0x0000000085100000|  0%| F|  |TAMS 0x0000000085000000, 0x0000000085000000| Untracked 
|  81|0x0000000085100000, 0x0000000085100000, 0x0000000085200000|  0%| F|  |TAMS 0x0000000085100000, 0x0000000085100000| Untracked 
|  82|0x0000000085200000, 0x0000000085200000, 0x0000000085300000|  0%| F|  |TAMS 0x0000000085200000, 0x0000000085200000| Untracked 
|  83|0x0000000085300000, 0x00000000853821a0, 0x0000000085400000| 50%| S|CS|TAMS 0x0000000085300000, 0x0000000085300000| Complete 
|  84|0x0000000085400000, 0x0000000085500000, 0x0000000085500000|100%| S|CS|TAMS 0x0000000085400000, 0x0000000085400000| Complete 
|  85|0x0000000085500000, 0x0000000085500000, 0x0000000085600000|  0%| F|  |TAMS 0x0000000085500000, 0x0000000085500000| Untracked 
|  86|0x0000000085600000, 0x0000000085600000, 0x0000000085700000|  0%| F|  |TAMS 0x0000000085600000, 0x0000000085600000| Untracked 
|  87|0x0000000085700000, 0x0000000085700000, 0x0000000085800000|  0%| F|  |TAMS 0x0000000085700000, 0x0000000085700000| Untracked 
|  88|0x0000000085800000, 0x0000000085800000, 0x0000000085900000|  0%| F|  |TAMS 0x0000000085800000, 0x0000000085800000| Untracked 
|  89|0x0000000085900000, 0x0000000085900000, 0x0000000085a00000|  0%| F|  |TAMS 0x0000000085900000, 0x0000000085900000| Untracked 
|  90|0x0000000085a00000, 0x0000000085a00000, 0x0000000085b00000|  0%| F|  |TAMS 0x0000000085a00000, 0x0000000085a00000| Untracked 
|  91|0x0000000085b00000, 0x0000000085b00000, 0x0000000085c00000|  0%| F|  |TAMS 0x0000000085b00000, 0x0000000085b00000| Untracked 
|  92|0x0000000085c00000, 0x0000000085c00000, 0x0000000085d00000|  0%| F|  |TAMS 0x0000000085c00000, 0x0000000085c00000| Untracked 
|  93|0x0000000085d00000, 0x0000000085d00000, 0x0000000085e00000|  0%| F|  |TAMS 0x0000000085d00000, 0x0000000085d00000| Untracked 
|  94|0x0000000085e00000, 0x0000000085e00000, 0x0000000085f00000|  0%| F|  |TAMS 0x0000000085e00000, 0x0000000085e00000| Untracked 
|  95|0x0000000085f00000, 0x0000000085f00000, 0x0000000086000000|  0%| F|  |TAMS 0x0000000085f00000, 0x0000000085f00000| Untracked 
|  96|0x0000000086000000, 0x0000000086000000, 0x0000000086100000|  0%| F|  |TAMS 0x0000000086000000, 0x0000000086000000| Untracked 
|  97|0x0000000086100000, 0x0000000086100000, 0x0000000086200000|  0%| F|  |TAMS 0x0000000086100000, 0x0000000086100000| Untracked 
|  98|0x0000000086200000, 0x0000000086200000, 0x0000000086300000|  0%| F|  |TAMS 0x0000000086200000, 0x0000000086200000| Untracked 
|  99|0x0000000086300000, 0x0000000086300000, 0x0000000086400000|  0%| F|  |TAMS 0x0000000086300000, 0x0000000086300000| Untracked 
| 100|0x0000000086400000, 0x0000000086400000, 0x0000000086500000|  0%| F|  |TAMS 0x0000000086400000, 0x0000000086400000| Untracked 
| 101|0x0000000086500000, 0x0000000086500000, 0x0000000086600000|  0%| F|  |TAMS 0x0000000086500000, 0x0000000086500000| Untracked 
| 102|0x0000000086600000, 0x0000000086600000, 0x0000000086700000|  0%| F|  |TAMS 0x0000000086600000, 0x0000000086600000| Untracked 
| 103|0x0000000086700000, 0x0000000086700000, 0x0000000086800000|  0%| F|  |TAMS 0x0000000086700000, 0x0000000086700000| Untracked 
| 104|0x0000000086800000, 0x0000000086800000, 0x0000000086900000|  0%| F|  |TAMS 0x0000000086800000, 0x0000000086800000| Untracked 
| 105|0x0000000086900000, 0x0000000086900000, 0x0000000086a00000|  0%| F|  |TAMS 0x0000000086900000, 0x0000000086900000| Untracked 
| 106|0x0000000086a00000, 0x0000000086a00000, 0x0000000086b00000|  0%| F|  |TAMS 0x0000000086a00000, 0x0000000086a00000| Untracked 
| 107|0x0000000086b00000, 0x0000000086b00000, 0x0000000086c00000|  0%| F|  |TAMS 0x0000000086b00000, 0x0000000086b00000| Untracked 
| 108|0x0000000086c00000, 0x0000000086c00000, 0x0000000086d00000|  0%| F|  |TAMS 0x0000000086c00000, 0x0000000086c00000| Untracked 
| 109|0x0000000086d00000, 0x0000000086d00000, 0x0000000086e00000|  0%| F|  |TAMS 0x0000000086d00000, 0x0000000086d00000| Untracked 
| 110|0x0000000086e00000, 0x0000000086e00000, 0x0000000086f00000|  0%| F|  |TAMS 0x0000000086e00000, 0x0000000086e00000| Untracked 
| 111|0x0000000086f00000, 0x0000000086f00000, 0x0000000087000000|  0%| F|  |TAMS 0x0000000086f00000, 0x0000000086f00000| Untracked 
| 112|0x0000000087000000, 0x0000000087000000, 0x0000000087100000|  0%| F|  |TAMS 0x0000000087000000, 0x0000000087000000| Untracked 
| 113|0x0000000087100000, 0x0000000087100000, 0x0000000087200000|  0%| F|  |TAMS 0x0000000087100000, 0x0000000087100000| Untracked 
| 114|0x0000000087200000, 0x0000000087200000, 0x0000000087300000|  0%| F|  |TAMS 0x0000000087200000, 0x0000000087200000| Untracked 
| 115|0x0000000087300000, 0x0000000087300000, 0x0000000087400000|  0%| F|  |TAMS 0x0000000087300000, 0x0000000087300000| Untracked 
| 116|0x0000000087400000, 0x0000000087400000, 0x0000000087500000|  0%| F|  |TAMS 0x0000000087400000, 0x0000000087400000| Untracked 
| 117|0x0000000087500000, 0x0000000087500000, 0x0000000087600000|  0%| F|  |TAMS 0x0000000087500000, 0x0000000087500000| Untracked 
| 118|0x0000000087600000, 0x0000000087600000, 0x0000000087700000|  0%| F|  |TAMS 0x0000000087600000, 0x0000000087600000| Untracked 
| 119|0x0000000087700000, 0x0000000087700000, 0x0000000087800000|  0%| F|  |TAMS 0x0000000087700000, 0x0000000087700000| Untracked 
| 120|0x0000000087800000, 0x0000000087800000, 0x0000000087900000|  0%| F|  |TAMS 0x0000000087800000, 0x0000000087800000| Untracked 
| 121|0x0000000087900000, 0x0000000087900000, 0x0000000087a00000|  0%| F|  |TAMS 0x0000000087900000, 0x0000000087900000| Untracked 
| 122|0x0000000087a00000, 0x0000000087a00000, 0x0000000087b00000|  0%| F|  |TAMS 0x0000000087a00000, 0x0000000087a00000| Untracked 
| 123|0x0000000087b00000, 0x0000000087b00000, 0x0000000087c00000|  0%| F|  |TAMS 0x0000000087b00000, 0x0000000087b00000| Untracked 
| 124|0x0000000087c00000, 0x0000000087c00000, 0x0000000087d00000|  0%| F|  |TAMS 0x0000000087c00000, 0x0000000087c00000| Untracked 
| 125|0x0000000087d00000, 0x0000000087d00000, 0x0000000087e00000|  0%| F|  |TAMS 0x0000000087d00000, 0x0000000087d00000| Untracked 
| 126|0x0000000087e00000, 0x0000000087e00000, 0x0000000087f00000|  0%| F|  |TAMS 0x0000000087e00000, 0x0000000087e00000| Untracked 
| 127|0x0000000087f00000, 0x0000000087f00000, 0x0000000088000000|  0%| F|  |TAMS 0x0000000087f00000, 0x0000000087f00000| Untracked 
| 128|0x0000000088000000, 0x0000000088000000, 0x0000000088100000|  0%| F|  |TAMS 0x0000000088000000, 0x0000000088000000| Untracked 
| 129|0x0000000088100000, 0x0000000088100000, 0x0000000088200000|  0%| F|  |TAMS 0x0000000088100000, 0x0000000088100000| Untracked 
| 130|0x0000000088200000, 0x0000000088200000, 0x0000000088300000|  0%| F|  |TAMS 0x0000000088200000, 0x0000000088200000| Untracked 
| 131|0x0000000088300000, 0x0000000088300000, 0x0000000088400000|  0%| F|  |TAMS 0x0000000088300000, 0x0000000088300000| Untracked 
| 132|0x0000000088400000, 0x0000000088400000, 0x0000000088500000|  0%| F|  |TAMS 0x0000000088400000, 0x0000000088400000| Untracked 
| 133|0x0000000088500000, 0x0000000088500000, 0x0000000088600000|  0%| F|  |TAMS 0x0000000088500000, 0x0000000088500000| Untracked 
| 134|0x0000000088600000, 0x0000000088600000, 0x0000000088700000|  0%| F|  |TAMS 0x0000000088600000, 0x0000000088600000| Untracked 
| 135|0x0000000088700000, 0x0000000088700000, 0x0000000088800000|  0%| F|  |TAMS 0x0000000088700000, 0x0000000088700000| Untracked 
| 136|0x0000000088800000, 0x0000000088800000, 0x0000000088900000|  0%| F|  |TAMS 0x0000000088800000, 0x0000000088800000| Untracked 
| 137|0x0000000088900000, 0x0000000088900000, 0x0000000088a00000|  0%| F|  |TAMS 0x0000000088900000, 0x0000000088900000| Untracked 
| 138|0x0000000088a00000, 0x0000000088a00000, 0x0000000088b00000|  0%| F|  |TAMS 0x0000000088a00000, 0x0000000088a00000| Untracked 
| 139|0x0000000088b00000, 0x0000000088b00000, 0x0000000088c00000|  0%| F|  |TAMS 0x0000000088b00000, 0x0000000088b00000| Untracked 
| 140|0x0000000088c00000, 0x0000000088c00000, 0x0000000088d00000|  0%| F|  |TAMS 0x0000000088c00000, 0x0000000088c00000| Untracked 
| 141|0x0000000088d00000, 0x0000000088d00000, 0x0000000088e00000|  0%| F|  |TAMS 0x0000000088d00000, 0x0000000088d00000| Untracked 
| 142|0x0000000088e00000, 0x0000000088e00000, 0x0000000088f00000|  0%| F|  |TAMS 0x0000000088e00000, 0x0000000088e00000| Untracked 
| 143|0x0000000088f00000, 0x0000000088f00000, 0x0000000089000000|  0%| F|  |TAMS 0x0000000088f00000, 0x0000000088f00000| Untracked 
| 144|0x0000000089000000, 0x0000000089000000, 0x0000000089100000|  0%| F|  |TAMS 0x0000000089000000, 0x0000000089000000| Untracked 
| 145|0x0000000089100000, 0x0000000089100000, 0x0000000089200000|  0%| F|  |TAMS 0x0000000089100000, 0x0000000089100000| Untracked 
| 146|0x0000000089200000, 0x0000000089200000, 0x0000000089300000|  0%| F|  |TAMS 0x0000000089200000, 0x0000000089200000| Untracked 
| 147|0x0000000089300000, 0x0000000089300000, 0x0000000089400000|  0%| F|  |TAMS 0x0000000089300000, 0x0000000089300000| Untracked 
| 148|0x0000000089400000, 0x0000000089400000, 0x0000000089500000|  0%| F|  |TAMS 0x0000000089400000, 0x0000000089400000| Untracked 
| 149|0x0000000089500000, 0x0000000089500000, 0x0000000089600000|  0%| F|  |TAMS 0x0000000089500000, 0x0000000089500000| Untracked 
| 150|0x0000000089600000, 0x0000000089600000, 0x0000000089700000|  0%| F|  |TAMS 0x0000000089600000, 0x0000000089600000| Untracked 
| 151|0x0000000089700000, 0x0000000089700000, 0x0000000089800000|  0%| F|  |TAMS 0x0000000089700000, 0x0000000089700000| Untracked 
| 152|0x0000000089800000, 0x0000000089800000, 0x0000000089900000|  0%| F|  |TAMS 0x0000000089800000, 0x0000000089800000| Untracked 
| 153|0x0000000089900000, 0x0000000089900000, 0x0000000089a00000|  0%| F|  |TAMS 0x0000000089900000, 0x0000000089900000| Untracked 
| 154|0x0000000089a00000, 0x0000000089a00000, 0x0000000089b00000|  0%| F|  |TAMS 0x0000000089a00000, 0x0000000089a00000| Untracked 
| 155|0x0000000089b00000, 0x0000000089b00000, 0x0000000089c00000|  0%| F|  |TAMS 0x0000000089b00000, 0x0000000089b00000| Untracked 
| 156|0x0000000089c00000, 0x0000000089c00000, 0x0000000089d00000|  0%| F|  |TAMS 0x0000000089c00000, 0x0000000089c00000| Untracked 
| 157|0x0000000089d00000, 0x0000000089d00000, 0x0000000089e00000|  0%| F|  |TAMS 0x0000000089d00000, 0x0000000089d00000| Untracked 
| 158|0x0000000089e00000, 0x0000000089e00000, 0x0000000089f00000|  0%| F|  |TAMS 0x0000000089e00000, 0x0000000089e00000| Untracked 
| 159|0x0000000089f00000, 0x0000000089f00000, 0x000000008a000000|  0%| F|  |TAMS 0x0000000089f00000, 0x0000000089f00000| Untracked 
| 160|0x000000008a000000, 0x000000008a000000, 0x000000008a100000|  0%| F|  |TAMS 0x000000008a000000, 0x000000008a000000| Untracked 
| 161|0x000000008a100000, 0x000000008a100000, 0x000000008a200000|  0%| F|  |TAMS 0x000000008a100000, 0x000000008a100000| Untracked 
| 162|0x000000008a200000, 0x000000008a200000, 0x000000008a300000|  0%| F|  |TAMS 0x000000008a200000, 0x000000008a200000| Untracked 
| 163|0x000000008a300000, 0x000000008a300000, 0x000000008a400000|  0%| F|  |TAMS 0x000000008a300000, 0x000000008a300000| Untracked 
| 164|0x000000008a400000, 0x000000008a400000, 0x000000008a500000|  0%| F|  |TAMS 0x000000008a400000, 0x000000008a400000| Untracked 
| 165|0x000000008a500000, 0x000000008a500000, 0x000000008a600000|  0%| F|  |TAMS 0x000000008a500000, 0x000000008a500000| Untracked 
| 166|0x000000008a600000, 0x000000008a600000, 0x000000008a700000|  0%| F|  |TAMS 0x000000008a600000, 0x000000008a600000| Untracked 
| 167|0x000000008a700000, 0x000000008a700000, 0x000000008a800000|  0%| F|  |TAMS 0x000000008a700000, 0x000000008a700000| Untracked 
| 168|0x000000008a800000, 0x000000008a800000, 0x000000008a900000|  0%| F|  |TAMS 0x000000008a800000, 0x000000008a800000| Untracked 
| 169|0x000000008a900000, 0x000000008a900000, 0x000000008aa00000|  0%| F|  |TAMS 0x000000008a900000, 0x000000008a900000| Untracked 
| 170|0x000000008aa00000, 0x000000008aa00000, 0x000000008ab00000|  0%| F|  |TAMS 0x000000008aa00000, 0x000000008aa00000| Untracked 
| 171|0x000000008ab00000, 0x000000008ab00000, 0x000000008ac00000|  0%| F|  |TAMS 0x000000008ab00000, 0x000000008ab00000| Untracked 
| 172|0x000000008ac00000, 0x000000008ac00000, 0x000000008ad00000|  0%| F|  |TAMS 0x000000008ac00000, 0x000000008ac00000| Untracked 
| 173|0x000000008ad00000, 0x000000008ad00000, 0x000000008ae00000|  0%| F|  |TAMS 0x000000008ad00000, 0x000000008ad00000| Untracked 
| 174|0x000000008ae00000, 0x000000008ae00000, 0x000000008af00000|  0%| F|  |TAMS 0x000000008ae00000, 0x000000008ae00000| Untracked 
| 175|0x000000008af00000, 0x000000008af00000, 0x000000008b000000|  0%| F|  |TAMS 0x000000008af00000, 0x000000008af00000| Untracked 
| 176|0x000000008b000000, 0x000000008b000000, 0x000000008b100000|  0%| F|  |TAMS 0x000000008b000000, 0x000000008b000000| Untracked 
| 177|0x000000008b100000, 0x000000008b100000, 0x000000008b200000|  0%| F|  |TAMS 0x000000008b100000, 0x000000008b100000| Untracked 
| 178|0x000000008b200000, 0x000000008b200000, 0x000000008b300000|  0%| F|  |TAMS 0x000000008b200000, 0x000000008b200000| Untracked 
| 179|0x000000008b300000, 0x000000008b300000, 0x000000008b400000|  0%| F|  |TAMS 0x000000008b300000, 0x000000008b300000| Untracked 
| 180|0x000000008b400000, 0x000000008b400000, 0x000000008b500000|  0%| F|  |TAMS 0x000000008b400000, 0x000000008b400000| Untracked 
| 181|0x000000008b500000, 0x000000008b500000, 0x000000008b600000|  0%| F|  |TAMS 0x000000008b500000, 0x000000008b500000| Untracked 
| 182|0x000000008b600000, 0x000000008b600000, 0x000000008b700000|  0%| F|  |TAMS 0x000000008b600000, 0x000000008b600000| Untracked 
| 183|0x000000008b700000, 0x000000008b700000, 0x000000008b800000|  0%| F|  |TAMS 0x000000008b700000, 0x000000008b700000| Untracked 
| 184|0x000000008b800000, 0x000000008b800000, 0x000000008b900000|  0%| F|  |TAMS 0x000000008b800000, 0x000000008b800000| Untracked 
| 185|0x000000008b900000, 0x000000008b900000, 0x000000008ba00000|  0%| F|  |TAMS 0x000000008b900000, 0x000000008b900000| Untracked 
| 186|0x000000008ba00000, 0x000000008ba00000, 0x000000008bb00000|  0%| F|  |TAMS 0x000000008ba00000, 0x000000008ba00000| Untracked 
| 187|0x000000008bb00000, 0x000000008bb00000, 0x000000008bc00000|  0%| F|  |TAMS 0x000000008bb00000, 0x000000008bb00000| Untracked 
| 188|0x000000008bc00000, 0x000000008bc00000, 0x000000008bd00000|  0%| F|  |TAMS 0x000000008bc00000, 0x000000008bc00000| Untracked 
| 189|0x000000008bd00000, 0x000000008bd00000, 0x000000008be00000|  0%| F|  |TAMS 0x000000008bd00000, 0x000000008bd00000| Untracked 
| 190|0x000000008be00000, 0x000000008be00000, 0x000000008bf00000|  0%| F|  |TAMS 0x000000008be00000, 0x000000008be00000| Untracked 
| 191|0x000000008bf00000, 0x000000008bf00000, 0x000000008c000000|  0%| F|  |TAMS 0x000000008bf00000, 0x000000008bf00000| Untracked 
| 192|0x000000008c000000, 0x000000008c000000, 0x000000008c100000|  0%| F|  |TAMS 0x000000008c000000, 0x000000008c000000| Untracked 
| 193|0x000000008c100000, 0x000000008c200000, 0x000000008c200000|100%| E|  |TAMS 0x000000008c100000, 0x000000008c100000| Complete 
| 194|0x000000008c200000, 0x000000008c300000, 0x000000008c300000|100%| E|CS|TAMS 0x000000008c200000, 0x000000008c200000| Complete 
| 195|0x000000008c300000, 0x000000008c400000, 0x000000008c400000|100%| E|CS|TAMS 0x000000008c300000, 0x000000008c300000| Complete 
| 196|0x000000008c400000, 0x000000008c500000, 0x000000008c500000|100%| E|CS|TAMS 0x000000008c400000, 0x000000008c400000| Complete 
| 197|0x000000008c500000, 0x000000008c600000, 0x000000008c600000|100%| E|CS|TAMS 0x000000008c500000, 0x000000008c500000| Complete 
| 198|0x000000008c600000, 0x000000008c700000, 0x000000008c700000|100%| E|CS|TAMS 0x000000008c600000, 0x000000008c600000| Complete 
| 199|0x000000008c700000, 0x000000008c800000, 0x000000008c800000|100%| E|CS|TAMS 0x000000008c700000, 0x000000008c700000| Complete 
| 200|0x000000008c800000, 0x000000008c900000, 0x000000008c900000|100%| E|CS|TAMS 0x000000008c800000, 0x000000008c800000| Complete 
| 201|0x000000008c900000, 0x000000008ca00000, 0x000000008ca00000|100%| E|CS|TAMS 0x000000008c900000, 0x000000008c900000| Complete 
| 202|0x000000008ca00000, 0x000000008cb00000, 0x000000008cb00000|100%| E|CS|TAMS 0x000000008ca00000, 0x000000008ca00000| Complete 
| 203|0x000000008cb00000, 0x000000008cc00000, 0x000000008cc00000|100%| E|CS|TAMS 0x000000008cb00000, 0x000000008cb00000| Complete 
| 204|0x000000008cc00000, 0x000000008cd00000, 0x000000008cd00000|100%| E|CS|TAMS 0x000000008cc00000, 0x000000008cc00000| Complete 
| 205|0x000000008cd00000, 0x000000008ce00000, 0x000000008ce00000|100%| E|CS|TAMS 0x000000008cd00000, 0x000000008cd00000| Complete 
| 206|0x000000008ce00000, 0x000000008cf00000, 0x000000008cf00000|100%| E|CS|TAMS 0x000000008ce00000, 0x000000008ce00000| Complete 
| 207|0x000000008cf00000, 0x000000008d000000, 0x000000008d000000|100%| E|CS|TAMS 0x000000008cf00000, 0x000000008cf00000| Complete 
| 208|0x000000008d000000, 0x000000008d100000, 0x000000008d100000|100%| E|CS|TAMS 0x000000008d000000, 0x000000008d000000| Complete 
| 209|0x000000008d100000, 0x000000008d200000, 0x000000008d200000|100%| E|CS|TAMS 0x000000008d100000, 0x000000008d100000| Complete 
| 210|0x000000008d200000, 0x000000008d300000, 0x000000008d300000|100%| E|CS|TAMS 0x000000008d200000, 0x000000008d200000| Complete 
| 211|0x000000008d300000, 0x000000008d400000, 0x000000008d400000|100%| E|CS|TAMS 0x000000008d300000, 0x000000008d300000| Complete 
| 212|0x000000008d400000, 0x000000008d500000, 0x000000008d500000|100%| E|CS|TAMS 0x000000008d400000, 0x000000008d400000| Complete 
| 213|0x000000008d500000, 0x000000008d600000, 0x000000008d600000|100%| E|CS|TAMS 0x000000008d500000, 0x000000008d500000| Complete 
| 214|0x000000008d600000, 0x000000008d700000, 0x000000008d700000|100%| E|CS|TAMS 0x000000008d600000, 0x000000008d600000| Complete 
| 215|0x000000008d700000, 0x000000008d800000, 0x000000008d800000|100%| E|CS|TAMS 0x000000008d700000, 0x000000008d700000| Complete 
| 216|0x000000008d800000, 0x000000008d900000, 0x000000008d900000|100%| E|CS|TAMS 0x000000008d800000, 0x000000008d800000| Complete 
| 217|0x000000008d900000, 0x000000008da00000, 0x000000008da00000|100%| E|CS|TAMS 0x000000008d900000, 0x000000008d900000| Complete 
| 218|0x000000008da00000, 0x000000008db00000, 0x000000008db00000|100%| E|CS|TAMS 0x000000008da00000, 0x000000008da00000| Complete 
| 219|0x000000008db00000, 0x000000008dc00000, 0x000000008dc00000|100%| E|CS|TAMS 0x000000008db00000, 0x000000008db00000| Complete 
| 220|0x000000008dc00000, 0x000000008dd00000, 0x000000008dd00000|100%| E|CS|TAMS 0x000000008dc00000, 0x000000008dc00000| Complete 
| 221|0x000000008dd00000, 0x000000008de00000, 0x000000008de00000|100%| E|CS|TAMS 0x000000008dd00000, 0x000000008dd00000| Complete 
| 222|0x000000008de00000, 0x000000008df00000, 0x000000008df00000|100%| E|CS|TAMS 0x000000008de00000, 0x000000008de00000| Complete 
| 223|0x000000008df00000, 0x000000008e000000, 0x000000008e000000|100%| E|CS|TAMS 0x000000008df00000, 0x000000008df00000| Complete 
| 224|0x000000008e000000, 0x000000008e100000, 0x000000008e100000|100%| E|CS|TAMS 0x000000008e000000, 0x000000008e000000| Complete 
| 225|0x000000008e100000, 0x000000008e200000, 0x000000008e200000|100%| E|CS|TAMS 0x000000008e100000, 0x000000008e100000| Complete 
| 226|0x000000008e200000, 0x000000008e300000, 0x000000008e300000|100%| E|CS|TAMS 0x000000008e200000, 0x000000008e200000| Complete 
| 227|0x000000008e300000, 0x000000008e400000, 0x000000008e400000|100%| E|CS|TAMS 0x000000008e300000, 0x000000008e300000| Complete 
| 228|0x000000008e400000, 0x000000008e500000, 0x000000008e500000|100%| E|CS|TAMS 0x000000008e400000, 0x000000008e400000| Complete 
| 229|0x000000008e500000, 0x000000008e600000, 0x000000008e600000|100%| E|CS|TAMS 0x000000008e500000, 0x000000008e500000| Complete 
| 230|0x000000008e600000, 0x000000008e700000, 0x000000008e700000|100%| E|CS|TAMS 0x000000008e600000, 0x000000008e600000| Complete 
| 231|0x000000008e700000, 0x000000008e800000, 0x000000008e800000|100%| E|CS|TAMS 0x000000008e700000, 0x000000008e700000| Complete 
| 232|0x000000008e800000, 0x000000008e900000, 0x000000008e900000|100%| E|CS|TAMS 0x000000008e800000, 0x000000008e800000| Complete 
| 233|0x000000008e900000, 0x000000008ea00000, 0x000000008ea00000|100%| E|CS|TAMS 0x000000008e900000, 0x000000008e900000| Complete 
| 234|0x000000008ea00000, 0x000000008eb00000, 0x000000008eb00000|100%| E|CS|TAMS 0x000000008ea00000, 0x000000008ea00000| Complete 
| 235|0x000000008eb00000, 0x000000008ec00000, 0x000000008ec00000|100%| E|CS|TAMS 0x000000008eb00000, 0x000000008eb00000| Complete 
| 236|0x000000008ec00000, 0x000000008ed00000, 0x000000008ed00000|100%| E|CS|TAMS 0x000000008ec00000, 0x000000008ec00000| Complete 
| 237|0x000000008ed00000, 0x000000008ee00000, 0x000000008ee00000|100%| E|CS|TAMS 0x000000008ed00000, 0x000000008ed00000| Complete 
| 238|0x000000008ee00000, 0x000000008ef00000, 0x000000008ef00000|100%| E|CS|TAMS 0x000000008ee00000, 0x000000008ee00000| Complete 
| 239|0x000000008ef00000, 0x000000008f000000, 0x000000008f000000|100%| E|CS|TAMS 0x000000008ef00000, 0x000000008ef00000| Complete 
| 240|0x000000008f000000, 0x000000008f100000, 0x000000008f100000|100%| E|CS|TAMS 0x000000008f000000, 0x000000008f000000| Complete 
| 241|0x000000008f100000, 0x000000008f200000, 0x000000008f200000|100%| E|CS|TAMS 0x000000008f100000, 0x000000008f100000| Complete 
| 242|0x000000008f200000, 0x000000008f300000, 0x000000008f300000|100%| E|CS|TAMS 0x000000008f200000, 0x000000008f200000| Complete 
| 243|0x000000008f300000, 0x000000008f400000, 0x000000008f400000|100%| E|CS|TAMS 0x000000008f300000, 0x000000008f300000| Complete 
| 244|0x000000008f400000, 0x000000008f500000, 0x000000008f500000|100%| E|CS|TAMS 0x000000008f400000, 0x000000008f400000| Complete 
| 245|0x000000008f500000, 0x000000008f600000, 0x000000008f600000|100%| E|CS|TAMS 0x000000008f500000, 0x000000008f500000| Complete 
| 246|0x000000008f600000, 0x000000008f700000, 0x000000008f700000|100%| E|CS|TAMS 0x000000008f600000, 0x000000008f600000| Complete 
| 247|0x000000008f700000, 0x000000008f800000, 0x000000008f800000|100%| E|CS|TAMS 0x000000008f700000, 0x000000008f700000| Complete 
| 248|0x000000008f800000, 0x000000008f900000, 0x000000008f900000|100%| E|CS|TAMS 0x000000008f800000, 0x000000008f800000| Complete 
| 249|0x000000008f900000, 0x000000008fa00000, 0x000000008fa00000|100%| E|CS|TAMS 0x000000008f900000, 0x000000008f900000| Complete 
| 250|0x000000008fa00000, 0x000000008fb00000, 0x000000008fb00000|100%| E|CS|TAMS 0x000000008fa00000, 0x000000008fa00000| Complete 
| 251|0x000000008fb00000, 0x000000008fc00000, 0x000000008fc00000|100%| E|CS|TAMS 0x000000008fb00000, 0x000000008fb00000| Complete 
| 252|0x000000008fc00000, 0x000000008fd00000, 0x000000008fd00000|100%| E|CS|TAMS 0x000000008fc00000, 0x000000008fc00000| Complete 
| 253|0x000000008fd00000, 0x000000008fe00000, 0x000000008fe00000|100%| E|CS|TAMS 0x000000008fd00000, 0x000000008fd00000| Complete 
| 254|0x000000008fe00000, 0x000000008ff00000, 0x000000008ff00000|100%| E|CS|TAMS 0x000000008fe00000, 0x000000008fe00000| Complete 
| 255|0x000000008ff00000, 0x0000000090000000, 0x0000000090000000|100%| E|CS|TAMS 0x000000008ff00000, 0x000000008ff00000| Complete 
| 256|0x0000000090000000, 0x0000000090100000, 0x0000000090100000|100%| E|CS|TAMS 0x0000000090000000, 0x0000000090000000| Complete 
| 257|0x0000000090100000, 0x0000000090200000, 0x0000000090200000|100%| E|CS|TAMS 0x0000000090100000, 0x0000000090100000| Complete 
| 258|0x0000000090200000, 0x0000000090300000, 0x0000000090300000|100%| E|CS|TAMS 0x0000000090200000, 0x0000000090200000| Complete 
| 259|0x0000000090300000, 0x0000000090400000, 0x0000000090400000|100%| E|CS|TAMS 0x0000000090300000, 0x0000000090300000| Complete 
| 260|0x0000000090400000, 0x0000000090500000, 0x0000000090500000|100%| E|CS|TAMS 0x0000000090400000, 0x0000000090400000| Complete 
| 261|0x0000000090500000, 0x0000000090600000, 0x0000000090600000|100%| E|CS|TAMS 0x0000000090500000, 0x0000000090500000| Complete 
| 262|0x0000000090600000, 0x0000000090700000, 0x0000000090700000|100%| E|CS|TAMS 0x0000000090600000, 0x0000000090600000| Complete 
| 263|0x0000000090700000, 0x0000000090800000, 0x0000000090800000|100%| E|CS|TAMS 0x0000000090700000, 0x0000000090700000| Complete 
| 264|0x0000000090800000, 0x0000000090900000, 0x0000000090900000|100%| E|CS|TAMS 0x0000000090800000, 0x0000000090800000| Complete 
| 265|0x0000000090900000, 0x0000000090a00000, 0x0000000090a00000|100%| E|CS|TAMS 0x0000000090900000, 0x0000000090900000| Complete 
| 266|0x0000000090a00000, 0x0000000090b00000, 0x0000000090b00000|100%| E|CS|TAMS 0x0000000090a00000, 0x0000000090a00000| Complete 
| 267|0x0000000090b00000, 0x0000000090c00000, 0x0000000090c00000|100%| E|CS|TAMS 0x0000000090b00000, 0x0000000090b00000| Complete 
| 268|0x0000000090c00000, 0x0000000090d00000, 0x0000000090d00000|100%| E|CS|TAMS 0x0000000090c00000, 0x0000000090c00000| Complete 
| 269|0x0000000090d00000, 0x0000000090e00000, 0x0000000090e00000|100%| E|CS|TAMS 0x0000000090d00000, 0x0000000090d00000| Complete 
| 270|0x0000000090e00000, 0x0000000090f00000, 0x0000000090f00000|100%| E|CS|TAMS 0x0000000090e00000, 0x0000000090e00000| Complete 
| 271|0x0000000090f00000, 0x0000000091000000, 0x0000000091000000|100%| E|CS|TAMS 0x0000000090f00000, 0x0000000090f00000| Complete 
| 272|0x0000000091000000, 0x0000000091100000, 0x0000000091100000|100%| E|CS|TAMS 0x0000000091000000, 0x0000000091000000| Complete 
| 273|0x0000000091100000, 0x0000000091200000, 0x0000000091200000|100%| E|CS|TAMS 0x0000000091100000, 0x0000000091100000| Complete 
| 274|0x0000000091200000, 0x0000000091300000, 0x0000000091300000|100%| E|CS|TAMS 0x0000000091200000, 0x0000000091200000| Complete 
| 275|0x0000000091300000, 0x0000000091400000, 0x0000000091400000|100%| E|CS|TAMS 0x0000000091300000, 0x0000000091300000| Complete 
| 276|0x0000000091400000, 0x0000000091500000, 0x0000000091500000|100%| E|CS|TAMS 0x0000000091400000, 0x0000000091400000| Complete 
| 277|0x0000000091500000, 0x0000000091600000, 0x0000000091600000|100%| E|CS|TAMS 0x0000000091500000, 0x0000000091500000| Complete 
| 278|0x0000000091600000, 0x0000000091700000, 0x0000000091700000|100%| E|CS|TAMS 0x0000000091600000, 0x0000000091600000| Complete 
| 279|0x0000000091700000, 0x0000000091800000, 0x0000000091800000|100%| E|  |TAMS 0x0000000091700000, 0x0000000091700000| Complete 
| 280|0x0000000091800000, 0x0000000091900000, 0x0000000091900000|100%| E|CS|TAMS 0x0000000091800000, 0x0000000091800000| Complete 
| 281|0x0000000091900000, 0x0000000091a00000, 0x0000000091a00000|100%| E|CS|TAMS 0x0000000091900000, 0x0000000091900000| Complete 
| 282|0x0000000091a00000, 0x0000000091b00000, 0x0000000091b00000|100%| E|CS|TAMS 0x0000000091a00000, 0x0000000091a00000| Complete 
| 283|0x0000000091b00000, 0x0000000091c00000, 0x0000000091c00000|100%| E|CS|TAMS 0x0000000091b00000, 0x0000000091b00000| Complete 
| 284|0x0000000091c00000, 0x0000000091d00000, 0x0000000091d00000|100%| E|CS|TAMS 0x0000000091c00000, 0x0000000091c00000| Complete 
| 285|0x0000000091d00000, 0x0000000091e00000, 0x0000000091e00000|100%| E|CS|TAMS 0x0000000091d00000, 0x0000000091d00000| Complete 
| 286|0x0000000091e00000, 0x0000000091f00000, 0x0000000091f00000|100%| E|CS|TAMS 0x0000000091e00000, 0x0000000091e00000| Complete 
| 287|0x0000000091f00000, 0x0000000092000000, 0x0000000092000000|100%| E|CS|TAMS 0x0000000091f00000, 0x0000000091f00000| Complete 
| 288|0x0000000092000000, 0x0000000092100000, 0x0000000092100000|100%| E|CS|TAMS 0x0000000092000000, 0x0000000092000000| Complete 
| 289|0x0000000092100000, 0x0000000092200000, 0x0000000092200000|100%| E|CS|TAMS 0x0000000092100000, 0x0000000092100000| Complete 
| 290|0x0000000092200000, 0x0000000092300000, 0x0000000092300000|100%| E|CS|TAMS 0x0000000092200000, 0x0000000092200000| Complete 
| 291|0x0000000092300000, 0x0000000092400000, 0x0000000092400000|100%| E|CS|TAMS 0x0000000092300000, 0x0000000092300000| Complete 

Card table byte_map: [0x00000218fca90000,0x00000218fce90000] _byte_map_base: 0x00000218fc690000

Marking Bits (Prev, Next): (CMBitMap*) 0x00000218f8ccc160, (CMBitMap*) 0x00000218f8ccc1a0
 Prev Bits: [0x00000218fd290000, 0x00000218ff290000)
 Next Bits: [0x000002188f000000, 0x0000021891000000)

Polling page: 0x00000218f6bb0000

Metaspace:

Usage:
  Non-class:     70.24 MB used.
      Class:     11.11 MB used.
       Both:     81.36 MB used.

Virtual space:
  Non-class space:      128.00 MB reserved,      70.62 MB ( 55%) committed,  2 nodes.
      Class space:        1.00 GB reserved,      11.38 MB (  1%) committed,  1 nodes.
             Both:        1.12 GB reserved,      82.00 MB (  7%) committed. 

Chunk freelists:
   Non-Class:  8.48 MB
       Class:  4.57 MB
        Both:  13.05 MB

MaxMetaspaceSize: unlimited
CompressedClassSpaceSize: 1.00 GB
Initial GC threshold: 21.00 MB
Current GC threshold: 117.75 MB
CDS: off
MetaspaceReclaimPolicy: balanced
 - commit_granule_bytes: 65536.
 - commit_granule_words: 8192.
 - virtual_space_node_default_size: 8388608.
 - enlarge_chunks_in_place: 1.
 - new_chunks_are_fully_committed: 0.
 - uncommit_free_chunks: 1.
 - use_allocation_guard: 0.
 - handle_deallocations: 1.


Internal statistics:

num_allocs_failed_limit: 6.
num_arena_births: 798.
num_arena_deaths: 0.
num_vsnodes_births: 3.
num_vsnodes_deaths: 0.
num_space_committed: 1312.
num_space_uncommitted: 0.
num_chunks_returned_to_freelist: 6.
num_chunks_taken_from_freelist: 3842.
num_chunk_merges: 6.
num_chunk_splits: 2550.
num_chunks_enlarged: 1722.
num_inconsistent_stats: 0.

CodeHeap 'non-profiled nmethods': size=120000Kb used=3487Kb max_used=3487Kb free=116512Kb
 bounds [0x0000021887ad0000, 0x0000021887e40000, 0x000002188f000000]
CodeHeap 'profiled nmethods': size=120000Kb used=13942Kb max_used=13942Kb free=106057Kb
 bounds [0x0000021880000000, 0x0000021880da0000, 0x0000021887530000]
CodeHeap 'non-nmethods': size=5760Kb used=2368Kb max_used=2399Kb free=3391Kb
 bounds [0x0000021887530000, 0x00000218877a0000, 0x0000021887ad0000]
 total_blobs=8460 nmethods=7563 adapters=809
 compilation: enabled
              stopped_count=0, restarted_count=0
 full_count=0

Compilation events (20 events):
Event: 16.776 Thread 0x0000021893161260 8472       2       com.esotericsoftware.kryo.io.Input::readAscii (94 bytes)
Event: 16.777 Thread 0x0000021893161260 nmethod 8472 0x0000021880d93c10 code [0x0000021880d93de0, 0x0000021880d940f8]
Event: 16.777 Thread 0x0000021893161260 8470       2       com.esotericsoftware.kryo.io.Input::readVarLong (329 bytes)
Event: 16.777 Thread 0x0000021893161260 nmethod 8470 0x0000021880d94290 code [0x0000021880d94460, 0x0000021880d94918]
Event: 16.777 Thread 0x0000021893161260 8471   !   2       org.gradle.internal.serialize.kryo.StringDeduplicatingKryoBackedDecoder::readSmallLong (16 bytes)
Event: 16.777 Thread 0x0000021893161260 nmethod 8471 0x0000021880d94b10 code [0x0000021880d94d00, 0x0000021880d94fe8]
Event: 16.777 Thread 0x0000021893161260 8476   !   2       org.gradle.internal.serialize.kryo.StringDeduplicatingKryoBackedDecoder::readBoolean (15 bytes)
Event: 16.778 Thread 0x0000021893161260 nmethod 8476 0x0000021880d95210 code [0x0000021880d95400, 0x0000021880d956c8]
Event: 16.778 Thread 0x0000021893161260 8473   !   2       org.gradle.internal.serialize.kryo.StringDeduplicatingKryoBackedDecoder::readByte (15 bytes)
Event: 16.778 Thread 0x0000021893161260 nmethod 8473 0x0000021880d95910 code [0x0000021880d95b00, 0x0000021880d95de8]
Event: 16.778 Thread 0x0000021893161260 8474   !   2       org.gradle.internal.serialize.kryo.StringDeduplicatingKryoBackedDecoder::readSmallInt (16 bytes)
Event: 16.778 Thread 0x0000021893161260 nmethod 8474 0x0000021880d96010 code [0x0000021880d96200, 0x0000021880d964e8]
Event: 16.778 Thread 0x0000021893161260 8475       1       org.gradle.api.artifacts.result.ComponentSelectionCause::getDefaultReason (5 bytes)
Event: 16.778 Thread 0x0000021893161260 nmethod 8475 0x0000021887e35890 code [0x0000021887e35a20, 0x0000021887e35af8]
Event: 16.778 Thread 0x0000021893161260 8477       2       com.google.common.collect.LinkedHashMultimap$ValueEntry::newHeader (12 bytes)
Event: 16.779 Thread 0x0000021893161260 nmethod 8477 0x0000021880d96710 code [0x0000021880d968a0, 0x0000021880d969f8]
Event: 16.782 Thread 0x0000021893161260 8478       2       it.unimi.dsi.fastutil.longs.Long2ObjectOpenHashMap::get (119 bytes)
Event: 16.782 Thread 0x0000021893161260 nmethod 8478 0x0000021880d96b10 code [0x0000021880d96d00, 0x0000021880d97108]
Event: 16.783 Thread 0x0000021893161260 8479       2       java.util.Arrays$ArrayList::iterator (12 bytes)
Event: 16.783 Thread 0x0000021893161260 nmethod 8479 0x0000021880d97390 code [0x0000021880d97520, 0x0000021880d976d8]

GC Heap History (20 events):
Event: 11.570 GC heap before
{Heap before GC invocations=22 (full 0):
 garbage-first heap   total 97280K, used 68976K [0x0000000080000000, 0x0000000100000000)
  region size 1024K, 15 young (15360K), 1 survivors (1024K)
 Metaspace       used 61362K, committed 61952K, reserved 1114112K
  class space    used 8301K, committed 8576K, reserved 1048576K
}
Event: 11.572 GC heap after
{Heap after GC invocations=23 (full 0):
 garbage-first heap   total 97280K, used 55112K [0x0000000080000000, 0x0000000100000000)
  region size 1024K, 1 young (1024K), 1 survivors (1024K)
 Metaspace       used 61362K, committed 61952K, reserved 1114112K
  class space    used 8301K, committed 8576K, reserved 1048576K
}
Event: 11.642 GC heap before
{Heap before GC invocations=23 (full 0):
 garbage-first heap   total 97280K, used 58184K [0x0000000080000000, 0x0000000100000000)
  region size 1024K, 4 young (4096K), 1 survivors (1024K)
 Metaspace       used 61587K, committed 62144K, reserved 1114112K
  class space    used 8329K, committed 8576K, reserved 1048576K
}
Event: 11.646 GC heap after
{Heap after GC invocations=24 (full 0):
 garbage-first heap   total 116736K, used 55126K [0x0000000080000000, 0x0000000100000000)
  region size 1024K, 1 young (1024K), 1 survivors (1024K)
 Metaspace       used 61587K, committed 62144K, reserved 1114112K
  class space    used 8329K, committed 8576K, reserved 1048576K
}
Event: 12.207 GC heap before
{Heap before GC invocations=24 (full 0):
 garbage-first heap   total 116736K, used 89942K [0x0000000080000000, 0x0000000100000000)
  region size 1024K, 35 young (35840K), 1 survivors (1024K)
 Metaspace       used 65590K, committed 66176K, reserved 1114112K
  class space    used 8731K, committed 9024K, reserved 1048576K
}
Event: 12.209 GC heap after
{Heap after GC invocations=25 (full 0):
 garbage-first heap   total 116736K, used 55824K [0x0000000080000000, 0x0000000100000000)
  region size 1024K, 2 young (2048K), 2 survivors (2048K)
 Metaspace       used 65590K, committed 66176K, reserved 1114112K
  class space    used 8731K, committed 9024K, reserved 1048576K
}
Event: 12.915 GC heap before
{Heap before GC invocations=26 (full 0):
 garbage-first heap   total 116736K, used 92688K [0x0000000080000000, 0x0000000100000000)
  region size 1024K, 37 young (37888K), 2 survivors (2048K)
 Metaspace       used 69676K, committed 70336K, reserved 1114112K
  class space    used 9304K, committed 9600K, reserved 1048576K
}
Event: 12.919 GC heap after
{Heap after GC invocations=27 (full 0):
 garbage-first heap   total 116736K, used 59697K [0x0000000080000000, 0x0000000100000000)
  region size 1024K, 5 young (5120K), 5 survivors (5120K)
 Metaspace       used 69676K, committed 70336K, reserved 1114112K
  class space    used 9304K, committed 9600K, reserved 1048576K
}
Event: 12.921 GC heap before
{Heap before GC invocations=27 (full 0):
 garbage-first heap   total 116736K, used 60721K [0x0000000080000000, 0x0000000100000000)
  region size 1024K, 6 young (6144K), 5 survivors (5120K)
 Metaspace       used 69676K, committed 70336K, reserved 1114112K
  class space    used 9304K, committed 9600K, reserved 1048576K
}
Event: 12.926 GC heap after
{Heap after GC invocations=28 (full 0):
 garbage-first heap   total 116736K, used 60004K [0x0000000080000000, 0x0000000100000000)
  region size 1024K, 1 young (1024K), 1 survivors (1024K)
 Metaspace       used 69676K, committed 70336K, reserved 1114112K
  class space    used 9304K, committed 9600K, reserved 1048576K
}
Event: 13.433 GC heap before
{Heap before GC invocations=28 (full 0):
 garbage-first heap   total 116736K, used 97892K [0x0000000080000000, 0x0000000100000000)
  region size 1024K, 34 young (34816K), 1 survivors (1024K)
 Metaspace       used 71617K, committed 72256K, reserved 1114112K
  class space    used 9570K, committed 9856K, reserved 1048576K
}
Event: 13.436 GC heap after
{Heap after GC invocations=29 (full 0):
 garbage-first heap   total 116736K, used 65228K [0x0000000080000000, 0x0000000100000000)
  region size 1024K, 3 young (3072K), 3 survivors (3072K)
 Metaspace       used 71617K, committed 72256K, reserved 1114112K
  class space    used 9570K, committed 9856K, reserved 1048576K
}
Event: 13.970 GC heap before
{Heap before GC invocations=30 (full 0):
 garbage-first heap   total 116736K, used 91852K [0x0000000080000000, 0x0000000100000000)
  region size 1024K, 32 young (32768K), 3 survivors (3072K)
 Metaspace       used 73703K, committed 74240K, reserved 1114112K
  class space    used 9850K, committed 10112K, reserved 1048576K
}
Event: 13.973 GC heap after
{Heap after GC invocations=31 (full 0):
 garbage-first heap   total 116736K, used 63695K [0x0000000080000000, 0x0000000100000000)
  region size 1024K, 2 young (2048K), 2 survivors (2048K)
 Metaspace       used 73703K, committed 74240K, reserved 1114112K
  class space    used 9850K, committed 10112K, reserved 1048576K
}
Event: 14.018 GC heap before
{Heap before GC invocations=31 (full 0):
 garbage-first heap   total 116736K, used 66767K [0x0000000080000000, 0x0000000100000000)
  region size 1024K, 5 young (5120K), 2 survivors (2048K)
 Metaspace       used 73735K, committed 74368K, reserved 1114112K
  class space    used 9854K, committed 10112K, reserved 1048576K
}
Event: 14.021 GC heap after
{Heap after GC invocations=32 (full 0):
 garbage-first heap   total 116736K, used 63879K [0x0000000080000000, 0x0000000100000000)
  region size 1024K, 1 young (1024K), 1 survivors (1024K)
 Metaspace       used 73735K, committed 74368K, reserved 1114112K
  class space    used 9854K, committed 10112K, reserved 1048576K
}
Event: 14.298 GC heap before
{Heap before GC invocations=32 (full 0):
 garbage-first heap   total 116736K, used 95623K [0x0000000080000000, 0x0000000100000000)
  region size 1024K, 32 young (32768K), 1 survivors (1024K)
 Metaspace       used 73923K, committed 74496K, reserved 1114112K
  class space    used 9885K, committed 10176K, reserved 1048576K
}
Event: 14.301 GC heap after
{Heap after GC invocations=33 (full 0):
 garbage-first heap   total 116736K, used 66222K [0x0000000080000000, 0x0000000100000000)
  region size 1024K, 3 young (3072K), 3 survivors (3072K)
 Metaspace       used 73923K, committed 74496K, reserved 1114112K
  class space    used 9885K, committed 10176K, reserved 1048576K
}
Event: 14.895 GC heap before
{Heap before GC invocations=33 (full 0):
 garbage-first heap   total 116736K, used 95918K [0x0000000080000000, 0x0000000100000000)
  region size 1024K, 32 young (32768K), 3 survivors (3072K)
 Metaspace       used 75908K, committed 76480K, reserved 1179648K
  class space    used 10154K, committed 10432K, reserved 1048576K
}
Event: 14.900 GC heap after
{Heap after GC invocations=34 (full 0):
 garbage-first heap   total 299008K, used 67707K [0x0000000080000000, 0x0000000100000000)
  region size 1024K, 2 young (2048K), 2 survivors (2048K)
 Metaspace       used 75908K, committed 76480K, reserved 1179648K
  class space    used 10154K, committed 10432K, reserved 1048576K
}

Dll operation events (3 events):
Event: 0.054 Loaded shared library C:\Program Files\Android\Android Studio\jbr\bin\java.dll
Event: 0.440 Loaded shared library C:\Program Files\Android\Android Studio\jbr\bin\zip.dll
Event: 1.023 Loaded shared library C:\Program Files\Android\Android Studio\jbr\bin\verify.dll

Deoptimization events (20 events):
Event: 15.233 Thread 0x00000218998377b0 DEOPT PACKING pc=0x0000021887b0d9cc sp=0x000000eac9ef7110
Event: 15.233 Thread 0x00000218998377b0 DEOPT UNPACKING pc=0x00000218875869a3 sp=0x000000eac9ef7058 mode 2
Event: 15.237 Thread 0x00000218998377b0 DEOPT PACKING pc=0x000002188054feaa sp=0x000000eac9ef7110
Event: 15.237 Thread 0x00000218998377b0 DEOPT UNPACKING pc=0x0000021887587143 sp=0x000000eac9ef65d0 mode 0
Event: 16.265 Thread 0x00000218998377b0 Uncommon trap: trap_request=0xffffff45 fr.pc=0x0000021887d859a8 relative=0x0000000000000268
Event: 16.265 Thread 0x00000218998377b0 Uncommon trap: reason=unstable_if action=reinterpret pc=0x0000021887d859a8 method=java.io.WinNTFileSystem.prefixLength(Ljava/lang/String;)I @ 11 c2
Event: 16.265 Thread 0x00000218998377b0 DEOPT PACKING pc=0x0000021887d859a8 sp=0x000000eac9ef89d0
Event: 16.265 Thread 0x00000218998377b0 DEOPT UNPACKING pc=0x00000218875869a3 sp=0x000000eac9ef8950 mode 2
Event: 16.352 Thread 0x00000218998377b0 Uncommon trap: trap_request=0xffffff45 fr.pc=0x0000021887dfdf90 relative=0x0000000000000110
Event: 16.352 Thread 0x00000218998377b0 Uncommon trap: reason=unstable_if action=reinterpret pc=0x0000021887dfdf90 method=org.objectweb.asm.ByteVector.putInt(I)Lorg/objectweb/asm/ByteVector; @ 13 c2
Event: 16.352 Thread 0x00000218998377b0 DEOPT PACKING pc=0x0000021887dfdf90 sp=0x000000eac9ef7de0
Event: 16.352 Thread 0x00000218998377b0 DEOPT UNPACKING pc=0x00000218875869a3 sp=0x000000eac9ef7d68 mode 2
Event: 16.474 Thread 0x00000218998377b0 Uncommon trap: trap_request=0xffffff45 fr.pc=0x0000021887e1cac8 relative=0x0000000000000048
Event: 16.474 Thread 0x00000218998377b0 Uncommon trap: reason=unstable_if action=reinterpret pc=0x0000021887e1cac8 method=java.lang.StringConcatHelper.stringOf(Ljava/lang/Object;)Ljava/lang/String; @ 1 c2
Event: 16.474 Thread 0x00000218998377b0 DEOPT PACKING pc=0x0000021887e1cac8 sp=0x000000eac9ef88d0
Event: 16.474 Thread 0x00000218998377b0 DEOPT UNPACKING pc=0x00000218875869a3 sp=0x000000eac9ef8860 mode 2
Event: 16.772 Thread 0x00000218998377b0 Uncommon trap: trap_request=0xffffff45 fr.pc=0x0000021887d69d88 relative=0x0000000000000c08
Event: 16.772 Thread 0x00000218998377b0 Uncommon trap: reason=unstable_if action=reinterpret pc=0x0000021887d69d88 method=com.esotericsoftware.kryo.io.Input.readString()Ljava/lang/String; @ 28 c2
Event: 16.772 Thread 0x00000218998377b0 DEOPT PACKING pc=0x0000021887d69d88 sp=0x000000eac9ef8be0
Event: 16.772 Thread 0x00000218998377b0 DEOPT UNPACKING pc=0x00000218875869a3 sp=0x000000eac9ef8bb8 mode 2

Classes unloaded (0 events):
No events

Classes redefined (0 events):
No events

Internal exceptions (20 events):
Event: 14.380 Thread 0x00000218998377b0 Exception <a 'java/lang/ClassNotFoundException'{0x0000000086ee3a28}: org/gradle/accessors/dm/LibrariesForLibs$ExtLibraryAccessorsCustomizer> (0x0000000086ee3a28) 
thrown [s\src\hotspot\share\classfile\systemDictionary.cpp, line 256]
Event: 14.383 Thread 0x00000218998377b0 Exception <a 'java/lang/ClassNotFoundException'{0x0000000086d06da8}: org/gradle/accessors/dm/LibrariesForLibs$EspressoLibraryAccessorsBeanInfo> (0x0000000086d06da8) 
thrown [s\src\hotspot\share\classfile\systemDictionary.cpp, line 256]
Event: 14.384 Thread 0x00000218998377b0 Exception <a 'java/lang/ClassNotFoundException'{0x0000000086d1bee0}: org/gradle/accessors/dm/LibrariesForLibs$EspressoLibraryAccessorsCustomizer> (0x0000000086d1bee0) 
thrown [s\src\hotspot\share\classfile\systemDictionary.cpp, line 256]
Event: 14.632 Thread 0x00000218998377b0 Exception <a 'java/lang/NoClassDefFoundError'{0x0000000086179f28}: org/jetbrains/kotlin/gradle/plugin/KotlinBasePluginWrapper> (0x0000000086179f28) 
thrown [s\src\hotspot\share\classfile\systemDictionary.cpp, line 245]
Event: 14.919 Thread 0x00000218998377b0 Exception <a 'java/lang/NoClassDefFoundError'{0x00000000922782a8}: org/jetbrains/kotlin/gradle/plugin/KotlinBasePluginWrapper> (0x00000000922782a8) 
thrown [s\src\hotspot\share\oops\constantPool.cpp, line 837]
Event: 14.970 Thread 0x00000218998377b0 Exception <a 'java/lang/NoClassDefFoundError'{0x0000000091f85fc8}: org/jetbrains/kotlin/gradle/plugin/KotlinBasePluginWrapper> (0x0000000091f85fc8) 
thrown [s\src\hotspot\share\oops\constantPool.cpp, line 837]
Event: 15.059 Thread 0x00000218998377b0 Exception <a 'java/lang/NoClassDefFoundError'{0x0000000091a1b2d0}: org/jetbrains/kotlin/gradle/plugin/KotlinBasePluginWrapper> (0x0000000091a1b2d0) 
thrown [s\src\hotspot\share\oops\constantPool.cpp, line 837]
Event: 15.064 Thread 0x00000218998377b0 Exception <a 'java/lang/NoClassDefFoundError'{0x0000000091a38840}: org/jetbrains/kotlin/gradle/plugin/KotlinBasePluginWrapper> (0x0000000091a38840) 
thrown [s\src\hotspot\share\oops\constantPool.cpp, line 837]
Event: 16.109 Thread 0x00000218998377b0 Exception <a 'java/lang/NoSuchMethodError'{0x000000008e6f8b20}: 'int java.lang.invoke.DirectMethodHandle$Holder.invokeSpecialIFC(java.lang.Object, java.lang.Object, java.lang.Object, java.lang.Object, java.lang.Object)'> (0x000000008e6f8b20) 
thrown [s\src\hotspot\share\interpreter\linkResolver.cpp, line 771]
Event: 16.233 Thread 0x00000218998377b0 Exception <a 'java/lang/NoSuchMethodError'{0x000000008e07c5b8}: 'java.lang.Object java.lang.invoke.Invokers$Holder.invokeExact_MT(java.lang.Object, java.lang.Object, java.lang.Object, int, java.lang.Object, java.lang.Object)'> (0x000000008e07c5b8) 
thrown [s\src\hotspot\share\interpreter\linkResolver.cpp, line 771]
Event: 16.467 Thread 0x00000218998377b0 Exception <a 'java/lang/NoSuchMethodError'{0x000000008d4fb188}: 'java.lang.Object java.lang.invoke.DelegatingMethodHandle$Holder.reinvoke_L(java.lang.Object, java.lang.Object, long, int, int, int, int, int, int, java.lang.Object, int, int, int, int, java.lang.Object)'> (0x000000008d4fb188) 
thrown [s\src\hotspot\share\interpreter\linkResolver.cpp, line 771]
Event: 16.472 Thread 0x00000218998377b0 Exception <a 'java/lang/NoSuchMethodError'{0x000000008d33d810}: 'java.lang.Object java.lang.invoke.DirectMethodHandle$Holder.invokeSpecial(java.lang.Object, java.lang.Object, long, int, int, int, int, int, int, java.lang.Object, int, int, int, int, java.lang.Object)'> (0x000000008d33d810) 
thrown [s\src\hotspot\share\interpreter\linkResolver.cpp, line 771]
Event: 16.473 Thread 0x00000218998377b0 Exception <a 'java/lang/NoSuchMethodError'{0x000000008d3426e8}: 'java.lang.Object java.lang.invoke.DelegatingMethodHandle$Holder.reinvoke_L(java.lang.Object, long, int, int, int, int, int, int, java.lang.Object, int, int, int, int, java.lang.Object)'> (0x000000008d3426e8) 
thrown [s\src\hotspot\share\interpreter\linkResolver.cpp, line 771]
Event: 16.580 Thread 0x00000218998377b0 Exception <a 'java/lang/ClassNotFoundException'{0x000000008cdf2588}: com/android/build/gradle/internal/api/ApkVariantOutputImpl_DecoratedBeanInfo> (0x000000008cdf2588) 
thrown [s\src\hotspot\share\classfile\systemDictionary.cpp, line 256]
Event: 16.581 Thread 0x00000218998377b0 Exception <a 'java/lang/ClassNotFoundException'{0x000000008cc01db0}: com/android/build/gradle/internal/api/ApkVariantOutputImplBeanInfo> (0x000000008cc01db0) 
thrown [s\src\hotspot\share\classfile\systemDictionary.cpp, line 256]
Event: 16.582 Thread 0x00000218998377b0 Exception <a 'java/lang/ClassNotFoundException'{0x000000008cc11170}: com/android/build/gradle/internal/api/BaseVariantOutputImplBeanInfo> (0x000000008cc11170) 
thrown [s\src\hotspot\share\classfile\systemDictionary.cpp, line 256]
Event: 16.582 Thread 0x00000218998377b0 Exception <a 'java/lang/ClassNotFoundException'{0x000000008cc20510}: com/android/build/gradle/internal/api/BaseVariantOutputImplCustomizer> (0x000000008cc20510) 
thrown [s\src\hotspot\share\classfile\systemDictionary.cpp, line 256]
Event: 16.584 Thread 0x00000218998377b0 Exception <a 'java/lang/ClassNotFoundException'{0x000000008cc427a0}: com/android/build/gradle/internal/api/ApkVariantOutputImplCustomizer> (0x000000008cc427a0) 
thrown [s\src\hotspot\share\classfile\systemDictionary.cpp, line 256]
Event: 16.584 Thread 0x00000218998377b0 Exception <a 'java/lang/ClassNotFoundException'{0x000000008cc5fa88}: com/android/build/gradle/internal/api/ApkVariantOutputImpl_DecoratedCustomizer> (0x000000008cc5fa88) 
thrown [s\src\hotspot\share\classfile\systemDictionary.cpp, line 256]
Event: 16.594 Thread 0x00000218998377b0 Exception <a 'java/lang/NoClassDefFoundError'{0x000000008cb5bdc8}: org/jetbrains/kotlin/gradle/plugin/KotlinBasePluginWrapper> (0x000000008cb5bdc8) 
thrown [s\src\hotspot\share\oops\constantPool.cpp, line 837]

VM Operations (20 events):
Event: 13.433 Executing VM operation: G1CollectForAllocation
Event: 13.436 Executing VM operation: G1CollectForAllocation done
Event: 13.469 Executing VM operation: HandshakeAllThreads
Event: 13.469 Executing VM operation: HandshakeAllThreads done
Event: 13.473 Executing VM operation: G1PauseRemark
Event: 13.477 Executing VM operation: G1PauseRemark done
Event: 13.494 Executing VM operation: G1PauseCleanup
Event: 13.494 Executing VM operation: G1PauseCleanup done
Event: 13.970 Executing VM operation: G1CollectForAllocation
Event: 13.973 Executing VM operation: G1CollectForAllocation done
Event: 14.018 Executing VM operation: G1CollectForAllocation
Event: 14.021 Executing VM operation: G1CollectForAllocation done
Event: 14.297 Executing VM operation: G1CollectForAllocation
Event: 14.301 Executing VM operation: G1CollectForAllocation done
Event: 14.895 Executing VM operation: G1CollectForAllocation
Event: 14.900 Executing VM operation: G1CollectForAllocation done
Event: 15.901 Executing VM operation: Cleanup
Event: 15.901 Executing VM operation: Cleanup done
Event: 16.723 Executing VM operation: ICBufferFull
Event: 16.723 Executing VM operation: ICBufferFull done

Events (20 events):
Event: 13.449 loading class java/util/concurrent/LinkedBlockingDeque$AbstractItr
Event: 13.449 loading class java/util/concurrent/LinkedBlockingDeque$AbstractItr done
Event: 13.449 loading class java/util/concurrent/LinkedBlockingDeque$Itr done
Event: 13.547 loading class java/security/KeyStore
Event: 13.548 loading class java/security/KeyStore done
Event: 13.548 loading class java/security/KeyStore$1
Event: 13.548 loading class java/security/KeyStore$1 done
Event: 13.747 loading class javax/xml/stream/XMLStreamException
Event: 13.747 loading class javax/xml/stream/XMLStreamException done
Event: 13.771 loading class sun/reflect/annotation/AnnotationInvocationHandler$1
Event: 13.772 loading class sun/reflect/annotation/AnnotationInvocationHandler$1 done
Event: 13.989 Thread 0x000002189af63410 Thread added: 0x000002189af63410
Event: 14.165 loading class java/beans/IntrospectionException
Event: 14.165 loading class java/beans/IntrospectionException done
Event: 15.150 loading class sun/reflect/generics/repository/FieldRepository
Event: 15.150 loading class sun/reflect/generics/repository/FieldRepository done
Event: 15.165 loading class jdk/internal/vm/annotation/ForceInline
Event: 15.165 loading class jdk/internal/vm/annotation/ForceInline done
Event: 15.234 loading class java/util/regex/Pattern$Caret
Event: 15.234 loading class java/util/regex/Pattern$Caret done


Dynamic libraries:
0x00007ff7d4ba0000 - 0x00007ff7d4baa000 	C:\Program Files\Android\Android Studio\jbr\bin\java.exe
0x00007ffa82950000 - 0x00007ffa82b67000 	C:\Windows\SYSTEM32\ntdll.dll
0x00007ffa81430000 - 0x00007ffa814f4000 	C:\Windows\System32\KERNEL32.DLL
0x00007ffa7fec0000 - 0x00007ffa8026d000 	C:\Windows\System32\KERNELBASE.dll
0x00007ffa80350000 - 0x00007ffa80461000 	C:\Windows\System32\ucrtbase.dll
0x00007ffa62c10000 - 0x00007ffa62c2b000 	C:\Program Files\Android\Android Studio\jbr\bin\VCRUNTIME140.dll
0x00007ffa639b0000 - 0x00007ffa639c7000 	C:\Program Files\Android\Android Studio\jbr\bin\jli.dll
0x00007ffa81e70000 - 0x00007ffa8201e000 	C:\Windows\System32\USER32.dll
0x00007ffa80270000 - 0x00007ffa80296000 	C:\Windows\System32\win32u.dll
0x00007ffa699d0000 - 0x00007ffa69c63000 	C:\Windows\WinSxS\amd64_microsoft.windows.common-controls_6595b64144ccf1df_6.0.22621.3672_none_2713b9d173822955\COMCTL32.dll
0x00007ffa82470000 - 0x00007ffa82499000 	C:\Windows\System32\GDI32.dll
0x00007ffa7fc70000 - 0x00007ffa7fd89000 	C:\Windows\System32\gdi32full.dll
0x00007ffa805e0000 - 0x00007ffa8067a000 	C:\Windows\System32\msvcp_win.dll
0x00007ffa825a0000 - 0x00007ffa82647000 	C:\Windows\System32\msvcrt.dll
0x00007ffa826d0000 - 0x00007ffa82701000 	C:\Windows\System32\IMM32.DLL
0x00007ffa71070000 - 0x00007ffa7107c000 	C:\Program Files\Android\Android Studio\jbr\bin\vcruntime140_1.dll
0x00007ffa54cf0000 - 0x00007ffa54d7d000 	C:\Program Files\Android\Android Studio\jbr\bin\msvcp140.dll
0x00007ff9ef900000 - 0x00007ff9f0583000 	C:\Program Files\Android\Android Studio\jbr\bin\server\jvm.dll
0x00007ffa807e0000 - 0x00007ffa80892000 	C:\Windows\System32\ADVAPI32.dll
0x00007ffa82020000 - 0x00007ffa820c9000 	C:\Windows\System32\sechost.dll
0x00007ffa80320000 - 0x00007ffa80348000 	C:\Windows\System32\bcrypt.dll
0x00007ffa81500000 - 0x00007ffa81614000 	C:\Windows\System32\RPCRT4.dll
0x00007ffa7eae0000 - 0x00007ffa7eb2d000 	C:\Windows\SYSTEM32\POWRPROF.dll
0x00007ffa7b470000 - 0x00007ffa7b4a4000 	C:\Windows\SYSTEM32\WINMM.dll
0x00007ffa79470000 - 0x00007ffa7947a000 	C:\Windows\SYSTEM32\VERSION.dll
0x00007ffa7b4d0000 - 0x00007ffa7b4d9000 	C:\Windows\SYSTEM32\WSOCK32.dll
0x00007ffa81320000 - 0x00007ffa81391000 	C:\Windows\System32\WS2_32.dll
0x00007ffa7eac0000 - 0x00007ffa7ead3000 	C:\Windows\SYSTEM32\UMPDC.dll
0x00007ffa7ed70000 - 0x00007ffa7ed88000 	C:\Windows\SYSTEM32\kernel.appcore.dll
0x00007ffa74c20000 - 0x00007ffa74c2a000 	C:\Program Files\Android\Android Studio\jbr\bin\jimage.dll
0x00007ffa784f0000 - 0x00007ffa78722000 	C:\Windows\SYSTEM32\DBGHELP.DLL
0x00007ffa820e0000 - 0x00007ffa8246e000 	C:\Windows\System32\combase.dll
0x00007ffa809a0000 - 0x00007ffa80a77000 	C:\Windows\System32\OLEAUT32.dll
0x00007ffa6e3f0000 - 0x00007ffa6e422000 	C:\Windows\SYSTEM32\dbgcore.DLL
0x00007ffa802a0000 - 0x00007ffa8031b000 	C:\Windows\System32\bcryptPrimitives.dll
0x00007ffa719d0000 - 0x00007ffa719de000 	C:\Program Files\Android\Android Studio\jbr\bin\instrument.dll
0x00007ffa6fa70000 - 0x00007ffa6fa95000 	C:\Program Files\Android\Android Studio\jbr\bin\java.dll
0x00007ffa74b10000 - 0x00007ffa74b28000 	C:\Program Files\Android\Android Studio\jbr\bin\zip.dll
0x00007ffa80aa0000 - 0x00007ffa81307000 	C:\Windows\System32\SHELL32.dll
0x00007ffa7dbb0000 - 0x00007ffa7e4af000 	C:\Windows\SYSTEM32\windows.storage.dll
0x00007ffa7da70000 - 0x00007ffa7dbaf000 	C:\Windows\SYSTEM32\wintypes.dll
0x00007ffa808a0000 - 0x00007ffa80999000 	C:\Windows\System32\SHCORE.dll
0x00007ffa82660000 - 0x00007ffa826be000 	C:\Windows\System32\shlwapi.dll
0x00007ffa7fba0000 - 0x00007ffa7fbc7000 	C:\Windows\SYSTEM32\profapi.dll
0x00007ffa74a10000 - 0x00007ffa74a29000 	C:\Program Files\Android\Android Studio\jbr\bin\net.dll
0x00007ffa7bcf0000 - 0x00007ffa7be26000 	C:\Windows\SYSTEM32\WINHTTP.dll
0x00007ffa7f1e0000 - 0x00007ffa7f249000 	C:\Windows\system32\mswsock.dll
0x00007ffa70f60000 - 0x00007ffa70f76000 	C:\Program Files\Android\Android Studio\jbr\bin\nio.dll
0x00007ffa71a10000 - 0x00007ffa71a20000 	C:\Program Files\Android\Android Studio\jbr\bin\verify.dll
0x00007ffa71080000 - 0x00007ffa710a7000 	C:\Users\Gerardo\.gradle\native\c067742578af261105cb4f569cf0c3c89f3d7b1fecec35dd04571415982c5e48\windows-amd64\native-platform.dll
0x00007ffa39860000 - 0x00007ffa399a4000 	C:\Users\Gerardo\.gradle\native\38dada09dfb8b06ba9b0570ebf7e218e3eb74d4ef43ca46872605cf95ebc2f47\windows-amd64\native-platform-file-events.dll
0x00007ffa74ab0000 - 0x00007ffa74ab9000 	C:\Program Files\Android\Android Studio\jbr\bin\management.dll
0x00007ffa74a50000 - 0x00007ffa74a5b000 	C:\Program Files\Android\Android Studio\jbr\bin\management_ext.dll
0x00007ffa81310000 - 0x00007ffa81318000 	C:\Windows\System32\PSAPI.DLL
0x00007ffa7f410000 - 0x00007ffa7f42b000 	C:\Windows\SYSTEM32\CRYPTSP.dll
0x00007ffa7ecd0000 - 0x00007ffa7ed05000 	C:\Windows\system32\rsaenh.dll
0x00007ffa7f2a0000 - 0x00007ffa7f2c8000 	C:\Windows\SYSTEM32\USERENV.dll
0x00007ffa7f400000 - 0x00007ffa7f40c000 	C:\Windows\SYSTEM32\CRYPTBASE.dll
0x00007ffa7e780000 - 0x00007ffa7e7ad000 	C:\Windows\SYSTEM32\IPHLPAPI.DLL
0x00007ffa820d0000 - 0x00007ffa820d9000 	C:\Windows\System32\NSI.dll
0x00007ffa7bc20000 - 0x00007ffa7bc39000 	C:\Windows\SYSTEM32\dhcpcsvc6.DLL
0x00007ffa7bbe0000 - 0x00007ffa7bbff000 	C:\Windows\SYSTEM32\dhcpcsvc.DLL
0x00007ffa7e7b0000 - 0x00007ffa7e8a8000 	C:\Windows\SYSTEM32\DNSAPI.dll
0x00007ffa74c10000 - 0x00007ffa74c19000 	C:\Program Files\Android\Android Studio\jbr\bin\extnet.dll
0x00007ffa4ab40000 - 0x00007ffa4ab48000 	C:\Windows\system32\wshunix.dll

dbghelp: loaded successfully - version: 4.0.5 - missing functions: none
symbol engine: initialized successfully - sym options: 0x614 - pdb path: .;C:\Program Files\Android\Android Studio\jbr\bin;C:\Windows\SYSTEM32;C:\Windows\WinSxS\amd64_microsoft.windows.common-controls_6595b64144ccf1df_6.0.22621.3672_none_2713b9d173822955;C:\Program Files\Android\Android Studio\jbr\bin\server;C:\Users\Gerardo\.gradle\native\c067742578af261105cb4f569cf0c3c89f3d7b1fecec35dd04571415982c5e48\windows-amd64;C:\Users\Gerardo\.gradle\native\38dada09dfb8b06ba9b0570ebf7e218e3eb74d4ef43ca46872605cf95ebc2f47\windows-amd64

VM Arguments:
jvm_args: --add-opens=java.base/java.util=ALL-UNNAMED --add-opens=java.base/java.lang=ALL-UNNAMED --add-opens=java.base/java.lang.invoke=ALL-UNNAMED --add-opens=java.prefs/java.util.prefs=ALL-UNNAMED --add-opens=java.base/java.nio.charset=ALL-UNNAMED --add-opens=java.base/java.net=ALL-UNNAMED --add-opens=java.base/java.util.concurrent.atomic=ALL-UNNAMED -Xmx2048m -Dfile.encoding=UTF-8 -Duser.country=PE -Duser.language=es -Duser.variant -javaagent:C:\Users\Gerardo\.gradle\wrapper\dists\gradle-8.7-bin\bhs2wmbdwecv87pi65oeuq5iu\gradle-8.7\lib\agents\gradle-instrumentation-agent-8.7.jar 
java_command: org.gradle.launcher.daemon.bootstrap.GradleDaemon 8.7
java_class_path (initial): C:\Users\Gerardo\.gradle\wrapper\dists\gradle-8.7-bin\bhs2wmbdwecv87pi65oeuq5iu\gradle-8.7\lib\gradle-launcher-8.7.jar
Launcher Type: SUN_STANDARD

[Global flags]
     intx CICompilerCount                          = 4                                         {product} {ergonomic}
     uint ConcGCThreads                            = 3                                         {product} {ergonomic}
     uint G1ConcRefinementThreads                  = 10                                        {product} {ergonomic}
   size_t G1HeapRegionSize                         = 1048576                                   {product} {ergonomic}
    uintx GCDrainStackTargetSize                   = 64                                        {product} {ergonomic}
   size_t InitialHeapSize                          = 123731968                                 {product} {ergonomic}
   size_t MarkStackSize                            = 4194304                                   {product} {ergonomic}
   size_t MaxHeapSize                              = 2147483648                                {product} {command line}
   size_t MaxNewSize                               = 1287651328                                {product} {ergonomic}
   size_t MinHeapDeltaBytes                        = 1048576                                   {product} {ergonomic}
   size_t MinHeapSize                              = 8388608                                   {product} {ergonomic}
    uintx NonNMethodCodeHeapSize                   = 5839372                                {pd product} {ergonomic}
    uintx NonProfiledCodeHeapSize                  = 122909434                              {pd product} {ergonomic}
    uintx ProfiledCodeHeapSize                     = 122909434                              {pd product} {ergonomic}
    uintx ReservedCodeCacheSize                    = 251658240                              {pd product} {ergonomic}
     bool SegmentedCodeCache                       = true                                      {product} {ergonomic}
   size_t SoftMaxHeapSize                          = 2147483648                             {manageable} {ergonomic}
     bool UseCompressedClassPointers               = true                           {product lp64_product} {ergonomic}
     bool UseCompressedOops                        = true                           {product lp64_product} {ergonomic}
     bool UseG1GC                                  = true                                      {product} {ergonomic}
     bool UseLargePagesIndividualAllocation        = false                                  {pd product} {ergonomic}

Logging:
Log output configuration:
 #0: stdout all=warning uptime,level,tags
 #1: stderr all=off uptime,level,tags

Environment Variables:
PATH=C:\Program Files (x86)\Common Files\Oracle\Java\java8path;C:\Program Files (x86)\Common Files\Oracle\Java\javapath;C:\Windows\system32;C:\Windows;C:\Windows\System32\Wbem;C:\Windows\System32\WindowsPowerShell\v1.0\;C:\Windows\System32\OpenSSH\;C:\Program Files (x86)\NVIDIA Corporation\PhysX\Common;C:\Program Files\NVIDIA Corporation\NVIDIA NvDLISR;C:\Program Files\dotnet\;C:\Program Files\GitHub CLI\;C:\Program Files\Git\cmd;C:\Users\Gerardo\AppData\Local\Programs\Python\Python312\Scripts\;C:\Users\Gerardo\AppData\Local\Programs\Python\Python312\;C:\Users\Gerardo\AppData\Local\Programs\Python\Launcher\;C:\Users\Gerardo\AppData\Local\Microsoft\WindowsApps;C:\Users\Gerardo\AppData\Local\GitHubDesktop\bin;C:\Users\Gerardo\AppData\Local\Programs\Microsoft VS Code\bin
USERNAME=Gerardo
OS=Windows_NT
PROCESSOR_IDENTIFIER=AMD64 Family 25 Model 68 Stepping 1, AuthenticAMD
TMP=C:\Users\Gerardo\AppData\Local\Temp
TEMP=C:\Users\Gerardo\AppData\Local\Temp



Periodic native trim disabled

JNI global refs:
JNI global refs: 27, weak refs: 6

JNI global refs memory usage: 843, weak refs: 841

Process memory usage:
Resident Set Size: 436712K (5% of 7678756K total physical memory with 79180K free physical memory)

OOME stack traces (most recent first):
Classloader memory used:
Loader org.gradle.internal.classloader.VisitableURLClassLoader                         : 3964K
Loader bootstrap                                                                       : 2724K
Loader org.gradle.internal.classloader.VisitableURLClassLoader$InstrumentingVisitableURLClassLoader: 2323K
Loader org.gradle.initialization.MixInLegacyTypesClassLoader                           : 1247K
Loader jdk.internal.loader.ClassLoaders$PlatformClassLoader                            : 69984B
Loader jdk.internal.reflect.DelegatingClassLoader                                      : 42445B
Loader jdk.internal.loader.ClassLoaders$AppClassLoader                                 : 28764B
Loader org.gradle.groovy.scripts.internal.DefaultScriptCompilationHandler$ScriptClassLoader: 17918B
Loader org.gradle.internal.classloader.VisitableURLClassLoader                         : 4103B
Loader org.codehaus.groovy.runtime.callsite.CallSiteClassLoader                        : 1164B

Classes loaded by more than one classloader:
Class org.gradle.internal.installation.GradleInstallation                             : loaded 2 times (x 73B)
Class com.google.common.collect.Iterators$MergingIterator                             : loaded 2 times (x 79B)
Class build_5upwur0uhs9b1hjj1k3nt5rwk                                                 : loaded 2 times (x 178B)
Class org.objectweb.asm.ModuleVisitor                                                 : loaded 2 times (x 79B)
Class [Lcom.google.common.collect.AbstractMapEntry;                                   : loaded 2 times (x 67B)
Class com.google.common.collect.SingletonImmutableList                                : loaded 2 times (x 167B)
Class com.google.common.cache.CacheLoader$SupplierToCacheLoader                       : loaded 2 times (x 73B)
Class org.gradle.internal.classpath.ClassPath                                         : loaded 2 times (x 68B)
Class com.google.common.cache.RemovalListener                                         : loaded 2 times (x 68B)
Class org.gradle.api.internal.classpath.DefaultModuleRegistry                         : loaded 2 times (x 84B)
Class com.google.common.collect.ImmutableEnumSet                                      : loaded 2 times (x 144B)
Class com.google.common.collect.ListMultimap                                          : loaded 2 times (x 68B)
Class com.google.common.base.CharMatcher$JavaDigit                                    : loaded 2 times (x 109B)
Class com.google.common.base.CharMatcher$Digit                                        : loaded 2 times (x 110B)
Class com.google.common.collect.AbstractMultimap                                      : loaded 2 times (x 121B)
Class com.google.common.cache.CacheBuilder$OneWeigher                                 : loaded 2 times (x 80B)
Class org.gradle.api.Action                                                           : loaded 2 times (x 68B)
Class com.google.common.collect.ImmutableEntry                                        : loaded 2 times (x 80B)
Class com.google.common.collect.Lists$StringAsImmutableList                           : loaded 2 times (x 167B)
Class com.google.common.cache.LocalCache$StrongEntry                                  : loaded 2 times (x 106B)
Class org.objectweb.asm.FieldWriter                                                   : loaded 2 times (x 76B)
Class com.google.common.base.CharMatcher                                              : loaded 2 times (x 109B)
Class com.google.common.base.CharMatcher$IsNot                                        : loaded 2 times (x 109B)
Class com.google.common.base.Splitter                                                 : loaded 2 times (x 70B)
Class [Lcom.google.common.cache.Weigher;                                              : loaded 2 times (x 67B)
Class com.google.common.collect.Iterators$ArrayItr                                    : loaded 2 times (x 95B)
Class com.google.common.cache.LocalCache$Segment                                      : loaded 2 times (x 152B)
Class org.gradle.api.internal.DefaultClassPathProvider                                : loaded 2 times (x 74B)
Class org.gradle.internal.installation.GradleInstallation$1                           : loaded 2 times (x 73B)
Class com.google.common.cache.LocalCache$AbstractReferenceEntry                       : loaded 2 times (x 105B)
Class settings_adfafpkbr9p2xx801aq01eago$_run_closure1                                : loaded 2 times (x 137B)
Class org.objectweb.asm.Type                                                          : loaded 2 times (x 70B)
Class com.google.common.util.concurrent.AbstractFuture$Failure                        : loaded 2 times (x 70B)
Class com.google.common.base.CharMatcher$BitSetMatcher                                : loaded 2 times (x 110B)
Class com.google.common.collect.ImmutableMap$IteratorBasedImmutableMap                : loaded 2 times (x 123B)
Class com.google.common.collect.ImmutableMap                                          : loaded 2 times (x 118B)
Class com.google.common.base.Converter                                                : loaded 2 times (x 88B)
Class com.google.common.collect.ImmutableSet$EmptySetBuilderImpl                      : loaded 2 times (x 74B)
Class com.google.common.base.Equivalence                                              : loaded 2 times (x 80B)
Class com.google.common.primitives.Ints                                               : loaded 2 times (x 69B)
Class com.google.common.cache.LocalCache$EntryFactory$1                               : loaded 2 times (x 81B)
Class com.google.common.cache.LocalCache$EntryFactory$2                               : loaded 2 times (x 81B)
Class com.google.common.cache.LocalCache$EntryFactory$3                               : loaded 2 times (x 81B)
Class com.google.common.cache.LocalCache$EntryFactory$4                               : loaded 2 times (x 81B)
Class com.google.common.cache.LocalCache$EntryFactory$5                               : loaded 2 times (x 81B)
Class com.google.common.cache.LocalCache$EntryFactory$6                               : loaded 2 times (x 81B)
Class com.google.common.cache.LocalCache$EntryFactory$7                               : loaded 2 times (x 81B)
Class com.google.common.cache.LocalCache$EntryFactory$8                               : loaded 2 times (x 81B)
Class com.google.common.base.Predicate                                                : loaded 2 times (x 68B)
Class com.google.common.cache.LocalCache$StrongValueReference                         : loaded 2 times (x 88B)
Class org.gradle.internal.classloader.FilteringClassLoader                            : loaded 2 times (x 103B)
Class com.google.common.collect.RegularImmutableSet                                   : loaded 2 times (x 146B)
Class [Lcom.google.common.cache.LocalCache$Strength;                                  : loaded 2 times (x 67B)
Class org.gradle.internal.classpath.DefaultClassPath$ImmutableUniqueList$Builder      : loaded 2 times (x 73B)
Class com.google.common.collect.Maps$8                                                : loaded 2 times (x 80B)
Class [Lcom.google.common.cache.CacheBuilder$NullListener;                            : loaded 2 times (x 67B)
Class com.google.common.base.PatternCompiler                                          : loaded 2 times (x 68B)
Class com.google.common.base.CharMatcher$InRange                                      : loaded 2 times (x 109B)
Class com.google.common.collect.Maps$KeySet                                           : loaded 2 times (x 135B)
Class com.google.common.collect.Sets$SetView                                          : loaded 2 times (x 136B)
Class com.google.common.collect.BiMap                                                 : loaded 2 times (x 68B)
Class com.google.common.collect.Lists                                                 : loaded 2 times (x 69B)
Class org.objectweb.asm.AnnotationWriter                                              : loaded 2 times (x 77B)
Class com.google.common.math.IntMath$1                                                : loaded 2 times (x 69B)
Class org.gradle.internal.classloader.ClassLoaderVisitor                              : loaded 2 times (x 74B)
Class org.objectweb.asm.Label                                                         : loaded 2 times (x 71B)
Class com.google.common.cache.CacheBuilder$NullListener                               : loaded 2 times (x 80B)
Class settings_adfafpkbr9p2xx801aq01eago$_run_closure1$_closure2                      : loaded 2 times (x 137B)
Class com.google.common.math.MathPreconditions                                        : loaded 2 times (x 69B)
Class org.gradle.internal.service.DefaultServiceLocator                               : loaded 2 times (x 81B)
Class org.gradle.internal.service.UnknownServiceException                             : loaded 2 times (x 81B)
Class com.google.common.util.concurrent.AbstractFuture$SynchronizedHelper             : loaded 2 times (x 76B)
Class com.google.common.collect.ArrayListMultimap                                     : loaded 2 times (x 170B)
Class com.google.common.base.Strings                                                  : loaded 2 times (x 69B)
Class com.google.common.cache.CacheLoader$InvalidCacheLoadException                   : loaded 2 times (x 80B)
Class org.gradle.internal.classloader.DefaultClassLoaderFactory                       : loaded 2 times (x 80B)
Class com.google.common.collect.UnmodifiableIterator                                  : loaded 2 times (x 78B)
Class com.google.common.base.Stopwatch                                                : loaded 2 times (x 70B)
Class com.google.common.base.Platform$JdkPatternCompiler                              : loaded 2 times (x 73B)
Class com.google.common.cache.LocalCache$LoadingValueReference                        : loaded 2 times (x 94B)
Class com.google.common.base.CharMatcher$SingleWidth                                  : loaded 2 times (x 110B)
Class com.google.common.collect.Hashing                                               : loaded 2 times (x 69B)
Class com.google.common.base.JdkPattern                                               : loaded 2 times (x 73B)
Class com.google.common.collect.Multimap                                              : loaded 2 times (x 68B)
Class com.google.common.base.FunctionalEquivalence                                    : loaded 2 times (x 81B)
Class org.objectweb.asm.AnnotationVisitor                                             : loaded 2 times (x 76B)
Class org.objectweb.asm.RecordComponentWriter                                         : loaded 2 times (x 76B)
Class com.google.common.cache.LocalCache$1                                            : loaded 2 times (x 87B)
Class com.google.common.cache.LocalCache$2                                            : loaded 2 times (x 140B)
Class com.google.common.collect.RegularImmutableBiMap                                 : loaded 2 times (x 146B)
Class org.gradle.internal.classloader.VisitableURLClassLoader$Spec                    : loaded 2 times (x 72B)
Class org.gradle.api.GradleException                                                  : loaded 2 times (x 80B)
Class com.google.common.base.CharMatcher$JavaLetterOrDigit                            : loaded 2 times (x 109B)
Class org.gradle.api.internal.classpath.ModuleRegistry                                : loaded 2 times (x 68B)
Class com.google.common.cache.CacheBuilder                                            : loaded 2 times (x 70B)
Class org.objectweb.asm.ByteVector                                                    : loaded 2 times (x 77B)
Class com.google.common.collect.ImmutableCollection                                   : loaded 2 times (x 123B)
Class settings_adfafpkbr9p2xx801aq01eago                                              : loaded 2 times (x 177B)
Class com.google.common.base.PairwiseEquivalence                                      : loaded 2 times (x 81B)
Class com.google.common.base.Ticker                                                   : loaded 2 times (x 70B)
Class org.gradle.api.internal.ClassPathProvider                                       : loaded 2 times (x 68B)
Class com.google.common.base.Ascii                                                    : loaded 2 times (x 69B)
Class com.google.common.collect.RegularImmutableMap$Values                            : loaded 2 times (x 167B)
Class org.objectweb.asm.ModuleWriter                                                  : loaded 2 times (x 80B)
Class org.gradle.internal.classloader.ClasspathUtil$1                                 : loaded 2 times (x 74B)
Class com.google.common.collect.ImmutableEnumMap                                      : loaded 2 times (x 123B)
Class com.google.common.collect.ImmutableList$ReverseImmutableList                    : loaded 2 times (x 168B)
Class com.google.common.cache.AbstractCache$StatsCounter                              : loaded 2 times (x 68B)
Class org.objectweb.asm.FieldVisitor                                                  : loaded 2 times (x 75B)
Class org.objectweb.asm.Symbol                                                        : loaded 2 times (x 71B)
Class com.google.common.cache.LocalCache$Strength$1                                   : loaded 2 times (x 79B)
Class com.google.common.cache.LocalCache$Strength$2                                   : loaded 2 times (x 79B)
Class com.google.common.cache.LocalCache$Strength$3                                   : loaded 2 times (x 79B)
Class org.gradle.internal.classloader.ClassLoaderFactory                              : loaded 2 times (x 68B)
Class com.google.common.collect.ObjectArrays                                          : loaded 2 times (x 69B)
Class com.google.common.util.concurrent.AbstractFuture$Waiter                         : loaded 2 times (x 70B)
Class com.google.common.util.concurrent.Uninterruptibles                              : loaded 2 times (x 69B)
Class com.google.common.collect.Iterators$10                                          : loaded 2 times (x 79B)
Class com.google.common.collect.ImmutableList                                         : loaded 2 times (x 166B)
Class org.gradle.api.internal.classpath.ManifestUtil                                  : loaded 2 times (x 69B)
Class org.gradle.api.specs.Spec                                                       : loaded 2 times (x 68B)
Class com.google.common.cache.CacheLoader$UnsupportedLoadingOperationException        : loaded 2 times (x 80B)
Class com.google.common.base.CharMatcher$Whitespace                                   : loaded 2 times (x 110B)
Class com.google.common.util.concurrent.ListenableFuture                              : loaded 2 times (x 68B)
Class com.google.common.collect.Iterators$1                                           : loaded 2 times (x 79B)
Class com.google.common.collect.Iterators$4                                           : loaded 2 times (x 80B)
Class com.google.common.collect.RegularImmutableMap$BucketOverflowException           : loaded 2 times (x 80B)
Class com.google.common.collect.Iterators$5                                           : loaded 2 times (x 80B)
Class com.google.common.util.concurrent.AbstractFuture$UnsafeAtomicHelper             : loaded 2 times (x 76B)
Class com.google.common.base.Joiner                                                   : loaded 2 times (x 77B)
Class com.google.common.base.Equivalence$Equals                                       : loaded 2 times (x 80B)
Class com.google.common.base.Preconditions                                            : loaded 2 times (x 69B)
Class com.google.common.base.Function                                                 : loaded 2 times (x 68B)
Class com.google.common.collect.Iterators$9                                           : loaded 2 times (x 79B)
Class org.gradle.internal.IoActions                                                   : loaded 2 times (x 69B)
Class com.google.common.cache.ReferenceEntry                                          : loaded 2 times (x 68B)
Class com.google.common.collect.RegularImmutableMap$KeySet                            : loaded 2 times (x 148B)
Class com.google.common.collect.CollectPreconditions                                  : loaded 2 times (x 69B)
Class com.google.common.primitives.IntsMethodsForWeb                                  : loaded 2 times (x 69B)
Class com.google.common.collect.Maps                                                  : loaded 2 times (x 69B)
Class com.google.common.collect.RegularImmutableMap                                   : loaded 2 times (x 119B)
Class com.google.common.collect.AbstractIndexedListIterator                           : loaded 2 times (x 94B)
Class com.google.common.base.CharMatcher$None                                         : loaded 2 times (x 110B)
Class org.gradle.api.internal.classpath.EffectiveClassPath                            : loaded 2 times (x 88B)
Class com.google.common.collect.UnmodifiableListIterator                              : loaded 2 times (x 93B)
Class com.google.common.cache.CacheLoader$FunctionToCacheLoader                       : loaded 2 times (x 73B)
Class com.google.common.cache.CacheBuilder$1                                          : loaded 2 times (x 83B)
Class com.google.common.cache.CacheBuilder$2                                          : loaded 2 times (x 70B)
Class com.google.common.collect.ImmutableList$1                                       : loaded 2 times (x 95B)
Class com.google.common.base.Splitter$Strategy                                        : loaded 2 times (x 68B)
Class build_5upwur0uhs9b1hjj1k3nt5rwk$_run_closure1                                   : loaded 2 times (x 137B)
Class com.google.common.collect.ImmutableMapEntrySet$RegularEntrySet                  : loaded 2 times (x 149B)
Class [Lcom.google.common.cache.RemovalListener;                                      : loaded 2 times (x 67B)
Class [Lcom.google.common.collect.ImmutableMapEntry;                                  : loaded 2 times (x 67B)
Class org.gradle.internal.installation.CurrentGradleInstallation                      : loaded 2 times (x 71B)
Class org.gradle.internal.agents.InstrumentingClassLoader                             : loaded 2 times (x 68B)
Class org.gradle.internal.installation.CurrentGradleInstallationLocator               : loaded 2 times (x 69B)
Class [Lcom.google.common.cache.LocalCache$Segment;                                   : loaded 2 times (x 67B)
Class org.gradle.api.internal.classpath.Module                                        : loaded 2 times (x 68B)
Class com.google.common.base.Splitter$1$1                                             : loaded 2 times (x 84B)
Class com.google.common.collect.ImmutableSet$JdkBackedSetBuilderImpl                  : loaded 2 times (x 74B)
Class com.google.common.collect.ImmutableSet$RegularSetBuilderImpl                    : loaded 2 times (x 75B)
Class [Lorg.objectweb.asm.AnnotationWriter;                                           : loaded 2 times (x 67B)
Class org.gradle.internal.service.CachingServiceLocator                               : loaded 2 times (x 80B)
Class [Lcom.google.common.collect.ImmutableEntry;                                     : loaded 2 times (x 67B)
Class com.google.common.collect.Sets$ImprovedAbstractSet                              : loaded 2 times (x 133B)
Class org.gradle.internal.classpath.DefaultClassPath                                  : loaded 2 times (x 88B)
Class com.google.common.util.concurrent.AbstractFuture$SetFuture                      : loaded 2 times (x 73B)
Class com.google.common.base.Splitter$SplittingIterator                               : loaded 2 times (x 82B)
Class com.google.common.cache.LocalCache$LocalManualCache$1                           : loaded 2 times (x 73B)
Class org.objectweb.asm.SymbolTable$Entry                                             : loaded 2 times (x 72B)
Class [Lcom.google.common.cache.LocalCache$EntryFactory;                              : loaded 2 times (x 67B)
Class com.google.common.base.CharMatcher$Is                                           : loaded 2 times (x 109B)
Class com.google.common.base.Platform                                                 : loaded 2 times (x 69B)
Class com.google.common.collect.RegularImmutableAsList                                : loaded 2 times (x 176B)
Class com.google.common.collect.PeekingIterator                                       : loaded 2 times (x 68B)
Class com.google.common.collect.ImmutableMapEntrySet                                  : loaded 2 times (x 149B)
Class com.google.common.cache.CacheLoader                                             : loaded 2 times (x 72B)
Class com.google.common.collect.ImmutableBiMapFauxverideShim                          : loaded 2 times (x 118B)
Class org.objectweb.asm.MethodTooLargeException                                       : loaded 2 times (x 81B)
Class com.google.common.cache.Cache                                                   : loaded 2 times (x 68B)
Class org.gradle.internal.classloader.SystemClassLoaderSpec                           : loaded 2 times (x 69B)
Class com.google.common.util.concurrent.internal.InternalFutureFailureAccess          : loaded 2 times (x 70B)
Class com.google.common.base.Charsets                                                 : loaded 2 times (x 69B)
Class com.google.common.primitives.Ints$IntConverter                                  : loaded 2 times (x 88B)
Class com.google.common.collect.SingletonImmutableSet                                 : loaded 2 times (x 144B)
Class [Lcom.google.common.base.AbstractIterator$State;                                : loaded 2 times (x 67B)
Class com.google.common.collect.ImmutableMap$Builder                                  : loaded 2 times (x 80B)
Class com.google.common.base.AbstractIterator                                         : loaded 2 times (x 78B)
Class org.objectweb.asm.ClassWriter                                                   : loaded 2 times (x 104B)
Class com.google.common.base.AbstractIterator$1                                       : loaded 2 times (x 69B)
Class [Lcom.google.common.cache.CacheBuilder$OneWeigher;                              : loaded 2 times (x 67B)
Class com.google.common.collect.Iterators                                             : loaded 2 times (x 69B)
Class com.google.common.base.CharMatcher$Ascii                                        : loaded 2 times (x 110B)
Class com.google.common.base.CharMatcher$1                                            : loaded 2 times (x 111B)
Class com.google.common.cache.LocalCache$ComputingValueReference                      : loaded 2 times (x 94B)
Class org.gradle.api.UncheckedIOException                                             : loaded 2 times (x 80B)
Class com.google.common.base.CharMatcher$And                                          : loaded 2 times (x 110B)
Class com.google.common.collect.IndexedImmutableSet                                   : loaded 2 times (x 148B)
Class com.google.common.base.ExtraObjectsMethodsForWeb                                : loaded 2 times (x 69B)
Class com.google.common.collect.IndexedImmutableSet$1                                 : loaded 2 times (x 172B)
Class com.google.common.collect.AbstractListMultimap                                  : loaded 2 times (x 170B)
Class com.google.common.base.CharMatcher$Any                                          : loaded 2 times (x 110B)
Class com.google.common.cache.LocalCache$Strength                                     : loaded 2 times (x 79B)
Class com.google.common.collect.AbstractMapBasedMultimap$KeySet                       : loaded 2 times (x 135B)
Class com.google.common.collect.ArrayListMultimapGwtSerializationDependencies         : loaded 2 times (x 170B)
Class com.google.common.base.CharMatcher$RangesMatcher                                : loaded 2 times (x 110B)
Class org.objectweb.asm.Handler                                                       : loaded 2 times (x 70B)
Class com.google.common.collect.ImmutableList$SubList                                 : loaded 2 times (x 168B)
Class com.google.common.cache.LocalCache$ValueReference                               : loaded 2 times (x 68B)
Class org.gradle.internal.classloader.ClasspathUtil                                   : loaded 2 times (x 69B)
Class org.objectweb.asm.CurrentFrame                                                  : loaded 2 times (x 71B)
Class com.google.common.util.concurrent.AbstractFuture                                : loaded 2 times (x 93B)
Class com.google.common.base.Splitter$1                                               : loaded 2 times (x 75B)
Class com.google.common.base.Ticker$1                                                 : loaded 2 times (x 70B)
Class com.google.common.collect.Maps$BiMapConverter                                   : loaded 2 times (x 88B)
Class org.gradle.api.internal.DefaultClassPathRegistry                                : loaded 2 times (x 74B)
Class [Lorg.objectweb.asm.Symbol;                                                     : loaded 2 times (x 67B)
Class com.google.common.util.concurrent.AbstractFuture$Cancellation                   : loaded 2 times (x 70B)
Class com.google.common.collect.ImmutableSet$SetBuilderImpl                           : loaded 2 times (x 74B)
Class org.gradle.api.internal.classpath.DefaultModuleRegistry$DefaultModule           : loaded 2 times (x 84B)
Class com.google.common.base.CharMatcher$JavaIsoControl                               : loaded 2 times (x 110B)
Class com.google.common.collect.ImmutableMap$1                                        : loaded 2 times (x 79B)
Class com.google.common.base.CharMatcher$Or                                           : loaded 2 times (x 110B)
Class com.google.common.base.Suppliers$SupplierOfInstance                             : loaded 2 times (x 77B)
Class org.objectweb.asm.RecordComponentVisitor                                        : loaded 2 times (x 75B)
Class com.google.common.collect.Iterables                                             : loaded 2 times (x 69B)
Class com.google.common.base.CharMatcher$JavaLowerCase                                : loaded 2 times (x 109B)
Class org.objectweb.asm.ClassTooLargeException                                        : loaded 2 times (x 81B)
Class org.gradle.api.internal.classpath.UnknownModuleException                        : loaded 2 times (x 80B)
Class com.google.common.util.concurrent.AbstractFuture$Listener                       : loaded 2 times (x 70B)
Class org.objectweb.asm.Edge                                                          : loaded 2 times (x 70B)
Class com.google.common.collect.Maps$EntryTransformer                                 : loaded 2 times (x 68B)
Class com.google.common.collect.ImmutableCollection$Builder                           : loaded 2 times (x 74B)
Class [Lorg.objectweb.asm.SymbolTable$Entry;                                          : loaded 2 times (x 67B)
Class com.google.common.collect.SingletonImmutableBiMap                               : loaded 2 times (x 141B)
Class com.google.common.base.CommonPattern                                            : loaded 2 times (x 72B)
Class com.google.common.base.Suppliers                                                : loaded 2 times (x 69B)
Class org.objectweb.asm.ClassVisitor                                                  : loaded 2 times (x 86B)
Class com.google.common.cache.LoadingCache                                            : loaded 2 times (x 68B)
Class org.gradle.internal.service.ServiceLookupException                              : loaded 2 times (x 80B)
Class org.gradle.cache.GlobalCache                                                    : loaded 2 times (x 68B)
Class com.google.common.base.CharMatcher$NegatedFastMatcher                           : loaded 2 times (x 111B)
Class [Lorg.gradle.api.internal.ClassPathProvider;                                    : loaded 2 times (x 67B)
Class com.google.common.util.concurrent.AbstractFuture$SafeAtomicHelper               : loaded 2 times (x 77B)
Class org.gradle.util.internal.GUtil                                                  : loaded 2 times (x 69B)
Class com.google.common.math.IntMath                                                  : loaded 2 times (x 69B)
Class com.google.common.collect.AbstractIterator                                      : loaded 2 times (x 80B)
Class org.gradle.internal.classloader.ClassLoaderSpec                                 : loaded 2 times (x 69B)
Class com.google.common.base.NullnessCasts                                            : loaded 2 times (x 69B)
Class org.objectweb.asm.Frame                                                         : loaded 2 times (x 71B)
Class com.google.common.cache.LocalCache$LocalManualCache                             : loaded 2 times (x 97B)
Class com.google.common.collect.AbstractMapEntry                                      : loaded 2 times (x 79B)
Class com.google.common.collect.ImmutableList$Builder                                 : loaded 2 times (x 75B)
Class com.google.common.base.CharMatcher$Negated                                      : loaded 2 times (x 111B)
Class com.google.common.cache.CacheLoader$1                                           : loaded 2 times (x 73B)
Class com.google.common.util.concurrent.AbstractFuture$TrustedFuture                  : loaded 2 times (x 95B)
Class com.google.common.collect.Sets                                                  : loaded 2 times (x 69B)
Class com.google.common.collect.ImmutableSet$Builder                                  : loaded 2 times (x 83B)
Class com.google.common.base.CharMatcher$ForPredicate                                 : loaded 2 times (x 110B)
Class com.google.common.collect.ImmutableMap$MapViewOfValuesAsSingletonSets           : loaded 2 times (x 123B)
Class com.google.common.base.MoreObjects                                              : loaded 2 times (x 69B)
Class com.google.common.collect.SortedMapDifference                                   : loaded 2 times (x 68B)
Class org.objectweb.asm.SymbolTable                                                   : loaded 2 times (x 70B)
Class [Lorg.objectweb.asm.AnnotationVisitor;                                          : loaded 2 times (x 67B)
Class com.google.common.cache.CacheStats                                              : loaded 2 times (x 69B)
Class org.objectweb.asm.Attribute                                                     : loaded 2 times (x 75B)
Class org.gradle.internal.classloader.VisitableURLClassLoader                         : loaded 2 times (x 115B)
Class com.google.common.cache.LocalCache$LocalLoadingCache                            : loaded 2 times (x 132B)
Class com.google.common.base.Supplier                                                 : loaded 2 times (x 68B)
Class com.google.common.base.Objects                                                  : loaded 2 times (x 69B)
Class com.google.common.util.concurrent.AbstractFuture$AtomicHelper                   : loaded 2 times (x 76B)
Class com.google.common.collect.ImmutableBiMap                                        : loaded 2 times (x 141B)
Class org.gradle.internal.Cast                                                        : loaded 2 times (x 69B)
Class org.gradle.api.internal.ClassPathRegistry                                       : loaded 2 times (x 68B)
Class com.google.common.cache.LocalCache$EntryFactory                                 : loaded 2 times (x 81B)
Class com.google.common.util.concurrent.UncheckedExecutionException                   : loaded 2 times (x 80B)
Class com.google.common.collect.ImmutableSet                                          : loaded 2 times (x 143B)
Class org.gradle.internal.classloader.VisitableURLClassLoader$InstrumentingVisitableURLClassLoader: loaded 2 times (x 121B)
Class org.gradle.internal.classloader.ClassLoaderHierarchy                            : loaded 2 times (x 68B)
Class [Lorg.objectweb.asm.Type;                                                       : loaded 2 times (x 67B)
Class com.google.common.base.AbstractIterator$State                                   : loaded 2 times (x 77B)
Class com.google.common.cache.Weigher                                                 : loaded 2 times (x 68B)
Class com.google.common.base.CharMatcher$NamedFastMatcher                             : loaded 2 times (x 110B)
Class org.gradle.internal.InternalTransformer                                         : loaded 2 times (x 68B)
Class org.gradle.internal.service.ServiceLocator                                      : loaded 2 times (x 68B)
Class com.google.common.util.concurrent.SettableFuture                                : loaded 2 times (x 95B)
Class com.google.common.collect.ImmutableMapEntry                                     : loaded 2 times (x 83B)
Class com.google.common.base.CharMatcher$Invisible                                    : loaded 2 times (x 110B)
Class com.google.common.base.Joiner$1                                                 : loaded 2 times (x 78B)
Class com.google.common.base.Joiner$2                                                 : loaded 2 times (x 77B)
Class com.google.common.base.CharMatcher$FastMatcher                                  : loaded 2 times (x 109B)
Class org.gradle.internal.classpath.DefaultClassPath$ImmutableUniqueList              : loaded 2 times (x 159B)
Class com.google.common.base.CharMatcher$JavaLetter                                   : loaded 2 times (x 109B)
Class org.gradle.internal.classpath.TransformedClassPath                              : loaded 2 times (x 94B)
Class com.google.common.collect.MapDifference                                         : loaded 2 times (x 68B)
Class com.google.common.collect.Sets$1                                                : loaded 2 times (x 137B)
Class com.google.common.collect.Sets$2                                                : loaded 2 times (x 137B)
Class com.google.common.util.concurrent.AbstractFuture$Trusted                        : loaded 2 times (x 68B)
Class com.google.common.collect.Sets$3                                                : loaded 2 times (x 137B)
Class com.google.common.collect.Sets$4                                                : loaded 2 times (x 137B)
Class org.objectweb.asm.MethodWriter                                                  : loaded 2 times (x 104B)
Class com.google.common.collect.Platform                                              : loaded 2 times (x 69B)
Class com.google.common.collect.ImmutableAsList                                       : loaded 2 times (x 169B)
Class com.google.common.util.concurrent.ExecutionError                                : loaded 2 times (x 80B)
Class com.google.common.base.Equivalence$Identity                                     : loaded 2 times (x 80B)
Class com.google.common.base.CharMatcher$AnyOf                                        : loaded 2 times (x 110B)
Class com.google.common.base.CharMatcher$IsEither                                     : loaded 2 times (x 109B)
Class com.google.common.cache.LocalCache                                              : loaded 2 times (x 185B)
Class com.google.common.collect.RegularImmutableList                                  : loaded 2 times (x 172B)
Class com.google.common.util.concurrent.AbstractFuture$UnsafeAtomicHelper$1           : loaded 2 times (x 74B)
Class com.google.common.base.CharMatcher$JavaUpperCase                                : loaded 2 times (x 109B)
Class com.google.common.collect.Multiset                                              : loaded 2 times (x 68B)
Class com.google.common.collect.ImmutableSet$CachingAsList                            : loaded 2 times (x 145B)
Class org.objectweb.asm.MethodVisitor                                                 : loaded 2 times (x 103B)
Class com.google.common.collect.AbstractMapBasedMultimap$KeySet$1                     : loaded 2 times (x 80B)
Class com.google.common.collect.ImmutableMapEntry$NonTerminalImmutableMapEntry        : loaded 2 times (x 83B)
Class com.google.common.collect.AbstractMapBasedMultimap                              : loaded 2 times (x 137B)


---------------  S Y S T E M  ---------------

OS:
 Windows 11 , 64 bit Build 22621 (10.0.22621.3958)
OS uptime: 13 days 11:48 hours
Hyper-V role detected

CPU: total 12 (initial active 12) (12 cores per cpu, 2 threads per core) family 25 model 68 stepping 1 microcode 0x0, cx8, cmov, fxsr, ht, mmx, 3dnowpref, sse, sse2, sse3, ssse3, sse4a, sse4.1, sse4.2, popcnt, lzcnt, tsc, tscinvbit, avx, avx2, aes, erms, clmul, bmi1, bmi2, adx, sha, fma, vzeroupper, clflush, clflushopt, hv
Processor Information for all 12 processors :
  Max Mhz: 3301, Current Mhz: 2496, Mhz Limit: 3301

Memory: 4k page, system-wide physical 7498M (83M free)
TotalPageFile size 30026M (AvailPageFile size 5M)
current process WorkingSet (physical memory assigned to process): 427M, peak: 427M
current process commit charge ("private bytes"): 550M, peak: 552M

vm_info: OpenJDK 64-Bit Server VM (17.0.11+0--11852314) for windows-amd64 JRE (17.0.11+0--11852314), built on May 16 2024 21:29:20 by "androidbuild" with MS VC++ 16.10 / 16.11 (VS2019)

END.
