#
# There is insufficient memory for the Java Runtime Environment to continue.
# Native memory allocation (malloc) failed to allocate 1743216 bytes. Error detail: Chunk::new
# Possible reasons:
#   The system is out of physical RAM or swap space
#   This process is running with CompressedOops enabled, and the Java Heap may be blocking the growth of the native heap
# Possible solutions:
#   Reduce memory load on the system
#   Increase physical memory or swap space
#   Check if swap backing store is full
#   Decrease Java heap size (-Xmx/-Xms)
#   Decrease number of Java threads
#   Decrease Java thread stack sizes (-Xss)
#   Set larger code cache with -XX:ReservedCodeCacheSize=
#   JVM is running with Unscaled Compressed Oops mode in which the Java heap is
#     placed in the first 4GB address space. The Java Heap base address is the
#     maximum limit for the native heap growth. Please use -XX:HeapBaseMinAddress
#     to set the Java Heap base and to place the Java Heap above 4GB virtual address.
# This output file may be truncated or incomplete.
#
#  Out of Memory Error (arena.cpp:191), pid=31724, tid=36256
#
# JRE version: OpenJDK Runtime Environment (17.0.11) (build 17.0.11+0--11852314)
# Java VM: OpenJDK 64-Bit Server VM (17.0.11+0--11852314, mixed mode, tiered, compressed oops, compressed class ptrs, g1 gc, windows-amd64)
# No core dump will be written. Minidumps are not enabled by default on client versions of Windows
#

---------------  S U M M A R Y ------------

Command Line: --add-opens=java.base/java.util=ALL-UNNAMED --add-opens=java.base/java.lang=ALL-UNNAMED --add-opens=java.base/java.lang.invoke=ALL-UNNAMED --add-opens=java.prefs/java.util.prefs=ALL-UNNAMED --add-opens=java.base/java.nio.charset=ALL-UNNAMED --add-opens=java.base/java.net=ALL-UNNAMED --add-opens=java.base/java.util.concurrent.atomic=ALL-UNNAMED -Xmx2048m -Dfile.encoding=UTF-8 -Duser.country=PE -Duser.language=es -Duser.variant -javaagent:C:\Users\Gerardo\.gradle\wrapper\dists\gradle-8.7-bin\bhs2wmbdwecv87pi65oeuq5iu\gradle-8.7\lib\agents\gradle-instrumentation-agent-8.7.jar org.gradle.launcher.daemon.bootstrap.GradleDaemon 8.7

Host: AMD Ryzen 5 7535HS with Radeon Graphics        , 12 cores, 7G,  Windows 11 , 64 bit Build 22621 (10.0.22621.3958)
Time: Wed Sep 25 12:51:21 2024 Hora est. Pacífico, Sudamérica elapsed time: 14.600384 seconds (0d 0h 0m 14s)

---------------  T H R E A D  ---------------

Current thread (0x000001d2a6be7690):  JavaThread "C2 CompilerThread0" daemon [_thread_in_native, id=36256, stack(0x000000177bd00000,0x000000177be00000)]


Current CompileTask:
C2:  14600 7526       4       java.lang.Class::getMethodsRecursive (99 bytes)

Stack: [0x000000177bd00000,0x000000177be00000]
Native frames: (J=compiled Java code, j=interpreted, Vv=VM code, C=native code)
V  [jvm.dll+0x687bb9]
V  [jvm.dll+0x84142a]
V  [jvm.dll+0x8430ae]
V  [jvm.dll+0x843713]
V  [jvm.dll+0x24a35f]
V  [jvm.dll+0xac544]
V  [jvm.dll+0xacb8c]
V  [jvm.dll+0x369be2]
V  [jvm.dll+0x33416a]
V  [jvm.dll+0x33360a]
V  [jvm.dll+0x21bed1]
V  [jvm.dll+0x21b311]
V  [jvm.dll+0x1a63ed]
V  [jvm.dll+0x22b1ee]
V  [jvm.dll+0x229375]
V  [jvm.dll+0x7f5647]
V  [jvm.dll+0x7efa4a]
V  [jvm.dll+0x686a35]
C  [ucrtbase.dll+0x29333]
C  [KERNEL32.DLL+0x1257d]
C  [ntdll.dll+0x5af28]


---------------  P R O C E S S  ---------------

Threads class SMR info:
_java_thread_list=0x000001d2af72cb40, length=63, elements={
0x000001d28c79b660, 0x000001d2a6bc4270, 0x000001d2a6bc55d0, 0x000001d2a6a7beb0,
0x000001d2a6a7ca70, 0x000001d2a6a7d430, 0x000001d2a6a7ddf0, 0x000001d2a6be7690,
0x000001d2a6be88e0, 0x000001d2a6becf80, 0x000001d2a6c5ac10, 0x000001d2a6f0d850,
0x000001d2ac92e3c0, 0x000001d2acbfdcc0, 0x000001d2ac50b4c0, 0x000001d2ac6f2440,
0x000001d2ac9f1730, 0x000001d2aca5b130, 0x000001d2aca5a710, 0x000001d2aca59cf0,
0x000001d2aca5a200, 0x000001d2aca5ac20, 0x000001d2ad04c470, 0x000001d2ad04c980,
0x000001d2ad04ce90, 0x000001d2ad04e7e0, 0x000001d2ad0491d0, 0x000001d2ad04d8b0,
0x000001d2ad04fc20, 0x000001d2ad04a610, 0x000001d2ad04d3a0, 0x000001d2ad04ba50,
0x000001d2ad04ddc0, 0x000001d2ad04b030, 0x000001d2ad04b540, 0x000001d2aecca860,
0x000001d2aecd0380, 0x000001d2aecccbd0, 0x000001d2aeccd5f0, 0x000001d2aecc8f10,
0x000001d2aeccd0e0, 0x000001d2aeccf450, 0x000001d2aecce010, 0x000001d2aecc9930,
0x000001d2aecc9e40, 0x000001d2aecce520, 0x000001d2aecd0890, 0x000001d2aeccdb00,
0x000001d2aecca350, 0x000001d2aeccc1b0, 0x000001d2aeccea30, 0x000001d2aeccad70,
0x000001d2aeccef40, 0x000001d2aecc9420, 0x000001d2aeccbca0, 0x000001d2aeccb280,
0x000001d2aeccf960, 0x000001d2aeccb790, 0x000001d2aeccc6c0, 0x000001d2aeccfe70,
0x000001d2aecd46d0, 0x000001d2aecd2870, 0x000001d2aecd6f50
}

Java Threads: ( => current thread )
  0x000001d28c79b660 JavaThread "main" [_thread_blocked, id=20172, stack(0x000000177b000000,0x000000177b100000)]
  0x000001d2a6bc4270 JavaThread "Reference Handler" daemon [_thread_blocked, id=15912, stack(0x000000177b700000,0x000000177b800000)]
  0x000001d2a6bc55d0 JavaThread "Finalizer" daemon [_thread_blocked, id=34196, stack(0x000000177b800000,0x000000177b900000)]
  0x000001d2a6a7beb0 JavaThread "Signal Dispatcher" daemon [_thread_blocked, id=35436, stack(0x000000177b900000,0x000000177ba00000)]
  0x000001d2a6a7ca70 JavaThread "Attach Listener" daemon [_thread_blocked, id=25928, stack(0x000000177ba00000,0x000000177bb00000)]
  0x000001d2a6a7d430 JavaThread "Service Thread" daemon [_thread_blocked, id=3660, stack(0x000000177bb00000,0x000000177bc00000)]
  0x000001d2a6a7ddf0 JavaThread "Monitor Deflation Thread" daemon [_thread_blocked, id=20056, stack(0x000000177bc00000,0x000000177bd00000)]
=>0x000001d2a6be7690 JavaThread "C2 CompilerThread0" daemon [_thread_in_native, id=36256, stack(0x000000177bd00000,0x000000177be00000)]
  0x000001d2a6be88e0 JavaThread "C1 CompilerThread0" daemon [_thread_blocked, id=15036, stack(0x000000177be00000,0x000000177bf00000)]
  0x000001d2a6becf80 JavaThread "Sweeper thread" daemon [_thread_blocked, id=32032, stack(0x000000177bf00000,0x000000177c000000)]
  0x000001d2a6c5ac10 JavaThread "Common-Cleaner" daemon [_thread_blocked, id=17284, stack(0x000000177c000000,0x000000177c100000)]
  0x000001d2a6f0d850 JavaThread "Notification Thread" daemon [_thread_blocked, id=20896, stack(0x000000177c100000,0x000000177c200000)]
  0x000001d2ac92e3c0 JavaThread "Daemon health stats" [_thread_blocked, id=34792, stack(0x000000177c700000,0x000000177c800000)]
  0x000001d2acbfdcc0 JavaThread "Incoming local TCP Connector on port 62649" [_thread_in_native, id=24876, stack(0x000000177c800000,0x000000177c900000)]
  0x000001d2ac50b4c0 JavaThread "Daemon periodic checks" [_thread_blocked, id=8476, stack(0x000000177c900000,0x000000177ca00000)]
  0x000001d2ac6f2440 JavaThread "Daemon" [_thread_blocked, id=34936, stack(0x000000177ca00000,0x000000177cb00000)]
  0x000001d2ac9f1730 JavaThread "Handler for socket connection from /127.0.0.1:62649 to /127.0.0.1:62650" [_thread_in_native, id=25092, stack(0x000000177cb00000,0x000000177cc00000)]
  0x000001d2aca5b130 JavaThread "Cancel handler" [_thread_blocked, id=25792, stack(0x000000177cc00000,0x000000177cd00000)]
  0x000001d2aca5a710 JavaThread "Daemon worker" [_thread_in_Java, id=40904, stack(0x000000177cd00000,0x000000177ce00000)]
  0x000001d2aca59cf0 JavaThread "Asynchronous log dispatcher for DefaultDaemonConnection: socket connection from /127.0.0.1:62649 to /127.0.0.1:62650" [_thread_blocked, id=13064, stack(0x000000177ce00000,0x000000177cf00000)]
  0x000001d2aca5a200 JavaThread "Stdin handler" [_thread_blocked, id=27392, stack(0x000000177cf00000,0x000000177d000000)]
  0x000001d2aca5ac20 JavaThread "Daemon client event forwarder" [_thread_blocked, id=24312, stack(0x000000177d000000,0x000000177d100000)]
  0x000001d2ad04c470 JavaThread "Cache worker for journal cache (C:\Users\Gerardo\.gradle\caches\journal-1)" [_thread_blocked, id=1708, stack(0x000000177d800000,0x000000177d900000)]
  0x000001d2ad04c980 JavaThread "File lock request listener" [_thread_in_native, id=38788, stack(0x000000177d900000,0x000000177da00000)]
  0x000001d2ad04ce90 JavaThread "Cache worker for file hash cache (C:\Users\Gerardo\.gradle\caches\8.7\fileHashes)" [_thread_blocked, id=21216, stack(0x000000177da00000,0x000000177db00000)]
  0x000001d2ad04e7e0 JavaThread "Cache worker for file hash cache (C:\Users\Gerardo\OneDrive\Documentos\Iot-Proyecto\proyectoIot\.gradle\8.7\fileHashes)" [_thread_blocked, id=23992, stack(0x000000177db00000,0x000000177dc00000)]
  0x000001d2ad0491d0 JavaThread "File watcher server" daemon [_thread_in_native, id=2124, stack(0x000000177dc00000,0x000000177dd00000)]
  0x000001d2ad04d8b0 JavaThread "File watcher consumer" daemon [_thread_blocked, id=28668, stack(0x000000177dd00000,0x000000177de00000)]
  0x000001d2ad04fc20 JavaThread "Cache worker for checksums cache (C:\Users\Gerardo\OneDrive\Documentos\Iot-Proyecto\proyectoIot\.gradle\8.7\checksums)" [_thread_blocked, id=26744, stack(0x000000177de00000,0x000000177df00000)]
  0x000001d2ad04a610 JavaThread "Cache worker for cache directory md-supplier (C:\Users\Gerardo\.gradle\caches\8.7\md-supplier)" [_thread_blocked, id=31316, stack(0x000000177df00000,0x000000177e000000)]
  0x000001d2ad04d3a0 JavaThread "Cache worker for cache directory md-rule (C:\Users\Gerardo\.gradle\caches\8.7\md-rule)" [_thread_blocked, id=8428, stack(0x000000177e000000,0x000000177e100000)]
  0x000001d2ad04ba50 JavaThread "Cache worker for file content cache (C:\Users\Gerardo\.gradle\caches\8.7\fileContent)" [_thread_blocked, id=38716, stack(0x000000177e100000,0x000000177e200000)]
  0x000001d2ad04ddc0 JavaThread "jar transforms" [_thread_blocked, id=6920, stack(0x000000177e200000,0x000000177e300000)]
  0x000001d2ad04b030 JavaThread "jar transforms Thread 2" [_thread_blocked, id=32336, stack(0x000000177e300000,0x000000177e400000)]
  0x000001d2ad04b540 JavaThread "Cache worker for Build Output Cleanup Cache (C:\Users\Gerardo\OneDrive\Documentos\Iot-Proyecto\proyectoIot\.gradle\buildOutputCleanup)" [_thread_blocked, id=16584, stack(0x000000177e400000,0x000000177e500000)]
  0x000001d2aecca860 JavaThread "jar transforms Thread 3" [_thread_blocked, id=14096, stack(0x000000177e500000,0x000000177e600000)]
  0x000001d2aecd0380 JavaThread "Unconstrained build operations" [_thread_blocked, id=37340, stack(0x000000177e600000,0x000000177e700000)]
  0x000001d2aecccbd0 JavaThread "Unconstrained build operations Thread 2" [_thread_blocked, id=38884, stack(0x000000177e700000,0x000000177e800000)]
  0x000001d2aeccd5f0 JavaThread "Unconstrained build operations Thread 3" [_thread_blocked, id=38776, stack(0x000000177e800000,0x000000177e900000)]
  0x000001d2aecc8f10 JavaThread "Unconstrained build operations Thread 4" [_thread_blocked, id=11692, stack(0x000000177e900000,0x000000177ea00000)]
  0x000001d2aeccd0e0 JavaThread "Unconstrained build operations Thread 5" [_thread_blocked, id=32300, stack(0x000000177ea00000,0x000000177eb00000)]
  0x000001d2aeccf450 JavaThread "Unconstrained build operations Thread 6" [_thread_blocked, id=9764, stack(0x000000177eb00000,0x000000177ec00000)]
  0x000001d2aecce010 JavaThread "Unconstrained build operations Thread 7" [_thread_blocked, id=24684, stack(0x000000177ec00000,0x000000177ed00000)]
  0x000001d2aecc9930 JavaThread "Unconstrained build operations Thread 8" [_thread_blocked, id=22580, stack(0x000000177ed00000,0x000000177ee00000)]
  0x000001d2aecc9e40 JavaThread "Unconstrained build operations Thread 9" [_thread_blocked, id=35644, stack(0x000000177ee00000,0x000000177ef00000)]
  0x000001d2aecce520 JavaThread "Unconstrained build operations Thread 10" [_thread_blocked, id=29892, stack(0x000000177ef00000,0x000000177f000000)]
  0x000001d2aecd0890 JavaThread "Unconstrained build operations Thread 11" [_thread_blocked, id=33588, stack(0x000000177f000000,0x000000177f100000)]
  0x000001d2aeccdb00 JavaThread "Unconstrained build operations Thread 12" [_thread_blocked, id=14668, stack(0x000000177f100000,0x000000177f200000)]
  0x000001d2aecca350 JavaThread "Unconstrained build operations Thread 13" [_thread_blocked, id=15416, stack(0x000000177f200000,0x000000177f300000)]
  0x000001d2aeccc1b0 JavaThread "Unconstrained build operations Thread 14" [_thread_blocked, id=16968, stack(0x000000177f300000,0x000000177f400000)]
  0x000001d2aeccea30 JavaThread "Unconstrained build operations Thread 15" [_thread_blocked, id=35572, stack(0x000000177f400000,0x000000177f500000)]
  0x000001d2aeccad70 JavaThread "Unconstrained build operations Thread 16" [_thread_blocked, id=9584, stack(0x000000177f500000,0x000000177f600000)]
  0x000001d2aeccef40 JavaThread "Unconstrained build operations Thread 17" [_thread_blocked, id=29308, stack(0x000000177f600000,0x000000177f700000)]
  0x000001d2aecc9420 JavaThread "Unconstrained build operations Thread 18" [_thread_blocked, id=37520, stack(0x000000177f700000,0x000000177f800000)]
  0x000001d2aeccbca0 JavaThread "Unconstrained build operations Thread 19" [_thread_blocked, id=40016, stack(0x000000177f800000,0x000000177f900000)]
  0x000001d2aeccb280 JavaThread "Unconstrained build operations Thread 20" [_thread_blocked, id=40748, stack(0x000000177f900000,0x000000177fa00000)]
  0x000001d2aeccf960 JavaThread "Unconstrained build operations Thread 21" [_thread_blocked, id=17912, stack(0x000000177fa00000,0x000000177fb00000)]
  0x000001d2aeccb790 JavaThread "Unconstrained build operations Thread 22" [_thread_blocked, id=14588, stack(0x000000177fb00000,0x000000177fc00000)]
  0x000001d2aeccc6c0 JavaThread "jar transforms Thread 4" [_thread_blocked, id=40104, stack(0x000000177fc00000,0x000000177fd00000)]
  0x000001d2aeccfe70 JavaThread "jar transforms Thread 5" [_thread_blocked, id=6572, stack(0x000000177fd00000,0x000000177fe00000)]
  0x000001d2aecd46d0 JavaThread "build event listener" [_thread_blocked, id=20912, stack(0x000000177fe00000,0x000000177ff00000)]
  0x000001d2aecd2870 JavaThread "Memory manager" [_thread_blocked, id=31008, stack(0x000000177ff00000,0x0000001780000000)]
  0x000001d2aecd6f50 JavaThread "jar transforms Thread 6" [_thread_blocked, id=37184, stack(0x0000001700000000,0x0000001700100000)]

Other Threads:
  0x000001d2a6a64a40 VMThread "VM Thread" [stack: 0x000000177b600000,0x000000177b700000] [id=37748]
  0x000001d2a6f0dd30 WatcherThread [stack: 0x000000177c200000,0x000000177c300000] [id=29624]
  0x000001d28c7f87e0 GCTaskThread "GC Thread#0" [stack: 0x000000177b100000,0x000000177b200000] [id=31192]
  0x000001d2ab8cc780 GCTaskThread "GC Thread#1" [stack: 0x000000177c300000,0x000000177c400000] [id=37116]
  0x000001d2abd8c4e0 GCTaskThread "GC Thread#2" [stack: 0x000000177c400000,0x000000177c500000] [id=12592]
  0x000001d2ab1c2e30 GCTaskThread "GC Thread#3" [stack: 0x000000177c500000,0x000000177c600000] [id=35328]
  0x000001d2abc93a60 GCTaskThread "GC Thread#4" [stack: 0x000000177c600000,0x000000177c700000] [id=25892]
  0x000001d2abcce270 GCTaskThread "GC Thread#5" [stack: 0x000000177d100000,0x000000177d200000] [id=24940]
  0x000001d2acbf89d0 GCTaskThread "GC Thread#6" [stack: 0x000000177d200000,0x000000177d300000] [id=27568]
  0x000001d2acbf8c90 GCTaskThread "GC Thread#7" [stack: 0x000000177d300000,0x000000177d400000] [id=24820]
  0x000001d2acbf8f50 GCTaskThread "GC Thread#8" [stack: 0x000000177d400000,0x000000177d500000] [id=12028]
  0x000001d2acbf9210 GCTaskThread "GC Thread#9" [stack: 0x000000177d500000,0x000000177d600000] [id=25060]
  0x000001d28c809ed0 ConcurrentGCThread "G1 Main Marker" [stack: 0x000000177b200000,0x000000177b300000] [id=15812]
  0x000001d28c80a8f0 ConcurrentGCThread "G1 Conc#0" [stack: 0x000000177b300000,0x000000177b400000] [id=20280]
  0x000001d2ac6580f0 ConcurrentGCThread "G1 Conc#1" [stack: 0x000000177d600000,0x000000177d700000] [id=20964]
  0x000001d2acb88080 ConcurrentGCThread "G1 Conc#2" [stack: 0x000000177d700000,0x000000177d800000] [id=3976]
  0x000001d28c84d950 ConcurrentGCThread "G1 Refine#0" [stack: 0x000000177b400000,0x000000177b500000] [id=40464]
  0x000001d28c84e380 ConcurrentGCThread "G1 Service" [stack: 0x000000177b500000,0x000000177b600000] [id=32452]

Threads with active compile tasks:
C2 CompilerThread0    14653 7526       4       java.lang.Class::getMethodsRecursive (99 bytes)

VM state: not at safepoint (normal execution)

VM Mutex/Monitor currently owned by a thread: None

Heap address: 0x0000000080000000, size: 2048 MB, Compressed Oops mode: 32-bit

CDS archive(s) not mapped
Compressed class space mapped at: 0x0000000100000000-0x0000000140000000, reserved size: 1073741824
Narrow klass base: 0x0000000000000000, Narrow klass shift: 3, Narrow klass range: 0x140000000

GC Precious Log:
 CPUs: 12 total, 12 available
 Memory: 7498M
 Large Page Support: Disabled
 NUMA Support: Disabled
 Compressed Oops: Enabled (32-bit)
 Heap Region Size: 1M
 Heap Min Capacity: 8M
 Heap Initial Capacity: 118M
 Heap Max Capacity: 2G
 Pre-touch: Disabled
 Parallel Workers: 10
 Concurrent Workers: 3
 Concurrent Refinement Workers: 10
 Periodic GC: Disabled

Heap:
 garbage-first heap   total 113664K, used 83309K [0x0000000080000000, 0x0000000100000000)
  region size 1024K, 22 young (22528K), 4 survivors (4096K)
 Metaspace       used 73969K, committed 74624K, reserved 1114112K
  class space    used 9899K, committed 10176K, reserved 1048576K

Heap Regions: E=young(eden), S=young(survivor), O=old, HS=humongous(starts), HC=humongous(continues), CS=collection set, F=free, OA=open archive, CA=closed archive, TAMS=top-at-mark-start (previous, next)
|   0|0x0000000080000000, 0x0000000080100000, 0x0000000080100000|100%|HS|  |TAMS 0x0000000080100000, 0x0000000080000000| Complete 
|   1|0x0000000080100000, 0x0000000080200000, 0x0000000080200000|100%|HC|  |TAMS 0x0000000080200000, 0x0000000080100000| Complete 
|   2|0x0000000080200000, 0x0000000080300000, 0x0000000080300000|100%|HC|  |TAMS 0x0000000080300000, 0x0000000080200000| Complete 
|   3|0x0000000080300000, 0x0000000080400000, 0x0000000080400000|100%|HC|  |TAMS 0x0000000080400000, 0x0000000080300000| Complete 
|   4|0x0000000080400000, 0x0000000080500000, 0x0000000080500000|100%| O|  |TAMS 0x0000000080500000, 0x0000000080400000| Untracked 
|   5|0x0000000080500000, 0x0000000080600000, 0x0000000080600000|100%| O|  |TAMS 0x0000000080600000, 0x0000000080500000| Untracked 
|   6|0x0000000080600000, 0x0000000080700000, 0x0000000080700000|100%| O|  |TAMS 0x0000000080700000, 0x0000000080600000| Untracked 
|   7|0x0000000080700000, 0x0000000080800000, 0x0000000080800000|100%| O|  |TAMS 0x0000000080800000, 0x0000000080700000| Untracked 
|   8|0x0000000080800000, 0x0000000080900000, 0x0000000080900000|100%| O|  |TAMS 0x0000000080900000, 0x0000000080800000| Untracked 
|   9|0x0000000080900000, 0x0000000080a00000, 0x0000000080a00000|100%| O|  |TAMS 0x0000000080a00000, 0x0000000080900000| Untracked 
|  10|0x0000000080a00000, 0x0000000080b00000, 0x0000000080b00000|100%| O|  |TAMS 0x0000000080b00000, 0x0000000080a00000| Untracked 
|  11|0x0000000080b00000, 0x0000000080c00000, 0x0000000080c00000|100%| O|  |TAMS 0x0000000080c00000, 0x0000000080b00000| Untracked 
|  12|0x0000000080c00000, 0x0000000080d00000, 0x0000000080d00000|100%| O|  |TAMS 0x0000000080d00000, 0x0000000080c00000| Untracked 
|  13|0x0000000080d00000, 0x0000000080e00000, 0x0000000080e00000|100%| O|  |TAMS 0x0000000080e00000, 0x0000000080d00000| Untracked 
|  14|0x0000000080e00000, 0x0000000080f00000, 0x0000000080f00000|100%| O|  |TAMS 0x0000000080f00000, 0x0000000080e00000| Untracked 
|  15|0x0000000080f00000, 0x0000000081000000, 0x0000000081000000|100%| O|  |TAMS 0x0000000081000000, 0x0000000080f00000| Untracked 
|  16|0x0000000081000000, 0x0000000081100000, 0x0000000081100000|100%| O|  |TAMS 0x0000000081100000, 0x0000000081000000| Untracked 
|  17|0x0000000081100000, 0x0000000081200000, 0x0000000081200000|100%| O|  |TAMS 0x0000000081200000, 0x0000000081100000| Untracked 
|  18|0x0000000081200000, 0x0000000081300000, 0x0000000081300000|100%| O|  |TAMS 0x0000000081300000, 0x0000000081200000| Untracked 
|  19|0x0000000081300000, 0x0000000081400000, 0x0000000081400000|100%| O|  |TAMS 0x0000000081400000, 0x0000000081300000| Untracked 
|  20|0x0000000081400000, 0x0000000081500000, 0x0000000081500000|100%| O|  |TAMS 0x0000000081500000, 0x0000000081400000| Untracked 
|  21|0x0000000081500000, 0x0000000081600000, 0x0000000081600000|100%| O|  |TAMS 0x0000000081600000, 0x0000000081500000| Untracked 
|  22|0x0000000081600000, 0x0000000081700000, 0x0000000081700000|100%|HS|  |TAMS 0x0000000081700000, 0x0000000081600000| Complete 
|  23|0x0000000081700000, 0x0000000081800000, 0x0000000081800000|100%|HS|  |TAMS 0x0000000081800000, 0x0000000081700000| Untracked 
|  24|0x0000000081800000, 0x0000000081900000, 0x0000000081900000|100%| O|  |TAMS 0x0000000081900000, 0x0000000081800000| Untracked 
|  25|0x0000000081900000, 0x0000000081a00000, 0x0000000081a00000|100%| O|  |TAMS 0x0000000081a00000, 0x0000000081900000| Untracked 
|  26|0x0000000081a00000, 0x0000000081b00000, 0x0000000081b00000|100%| O|  |TAMS 0x0000000081b00000, 0x0000000081a00000| Untracked 
|  27|0x0000000081b00000, 0x0000000081c00000, 0x0000000081c00000|100%| O|  |TAMS 0x0000000081c00000, 0x0000000081b00000| Untracked 
|  28|0x0000000081c00000, 0x0000000081d00000, 0x0000000081d00000|100%| O|  |TAMS 0x0000000081d00000, 0x0000000081c00000| Untracked 
|  29|0x0000000081d00000, 0x0000000081e00000, 0x0000000081e00000|100%| O|  |TAMS 0x0000000081e00000, 0x0000000081d00000| Untracked 
|  30|0x0000000081e00000, 0x0000000081f00000, 0x0000000081f00000|100%| O|  |TAMS 0x0000000081f00000, 0x0000000081e00000| Untracked 
|  31|0x0000000081f00000, 0x0000000082000000, 0x0000000082000000|100%| O|  |TAMS 0x0000000082000000, 0x0000000081f00000| Untracked 
|  32|0x0000000082000000, 0x0000000082100000, 0x0000000082100000|100%| O|  |TAMS 0x0000000082100000, 0x0000000082000000| Untracked 
|  33|0x0000000082100000, 0x0000000082200000, 0x0000000082200000|100%| O|  |TAMS 0x0000000082200000, 0x0000000082100000| Untracked 
|  34|0x0000000082200000, 0x0000000082300000, 0x0000000082300000|100%| O|  |TAMS 0x0000000082300000, 0x0000000082200000| Untracked 
|  35|0x0000000082300000, 0x0000000082400000, 0x0000000082400000|100%| O|  |TAMS 0x0000000082400000, 0x0000000082300000| Untracked 
|  36|0x0000000082400000, 0x0000000082500000, 0x0000000082500000|100%| O|  |TAMS 0x0000000082500000, 0x0000000082400000| Untracked 
|  37|0x0000000082500000, 0x0000000082600000, 0x0000000082600000|100%| O|  |TAMS 0x0000000082600000, 0x0000000082500000| Untracked 
|  38|0x0000000082600000, 0x0000000082700000, 0x0000000082700000|100%| O|  |TAMS 0x0000000082700000, 0x0000000082600000| Untracked 
|  39|0x0000000082700000, 0x0000000082800000, 0x0000000082800000|100%| O|  |TAMS 0x0000000082800000, 0x0000000082700000| Untracked 
|  40|0x0000000082800000, 0x0000000082900000, 0x0000000082900000|100%| O|  |TAMS 0x0000000082900000, 0x0000000082800000| Untracked 
|  41|0x0000000082900000, 0x0000000082a00000, 0x0000000082a00000|100%|HS|  |TAMS 0x0000000082a00000, 0x0000000082900000| Complete 
|  42|0x0000000082a00000, 0x0000000082b00000, 0x0000000082b00000|100%|HS|  |TAMS 0x0000000082b00000, 0x0000000082a00000| Complete 
|  43|0x0000000082b00000, 0x0000000082c00000, 0x0000000082c00000|100%|HS|  |TAMS 0x0000000082c00000, 0x0000000082b00000| Complete 
|  44|0x0000000082c00000, 0x0000000082d00000, 0x0000000082d00000|100%|HS|  |TAMS 0x0000000082d00000, 0x0000000082c00000| Complete 
|  45|0x0000000082d00000, 0x0000000082e00000, 0x0000000082e00000|100%| O|  |TAMS 0x0000000082e00000, 0x0000000082d00000| Untracked 
|  46|0x0000000082e00000, 0x0000000082f00000, 0x0000000082f00000|100%|HS|  |TAMS 0x0000000082f00000, 0x0000000082e00000| Complete 
|  47|0x0000000082f00000, 0x0000000083000000, 0x0000000083000000|100%| O|  |TAMS 0x0000000083000000, 0x0000000082f00000| Untracked 
|  48|0x0000000083000000, 0x0000000083100000, 0x0000000083100000|100%| O|  |TAMS 0x0000000083100000, 0x0000000083000000| Untracked 
|  49|0x0000000083100000, 0x0000000083200000, 0x0000000083200000|100%| O|  |TAMS 0x0000000083200000, 0x0000000083100000| Untracked 
|  50|0x0000000083200000, 0x0000000083300000, 0x0000000083300000|100%| O|  |TAMS 0x0000000083300000, 0x0000000083200000| Untracked 
|  51|0x0000000083300000, 0x0000000083400000, 0x0000000083400000|100%| O|  |TAMS 0x0000000083400000, 0x0000000083300000| Untracked 
|  52|0x0000000083400000, 0x0000000083500000, 0x0000000083500000|100%| O|  |TAMS 0x0000000083500000, 0x0000000083400000| Untracked 
|  53|0x0000000083500000, 0x0000000083600000, 0x0000000083600000|100%| O|  |TAMS 0x0000000083600000, 0x0000000083500000| Untracked 
|  54|0x0000000083600000, 0x0000000083700000, 0x0000000083700000|100%| O|  |TAMS 0x000000008367d600, 0x0000000083600000| Untracked 
|  55|0x0000000083700000, 0x0000000083800000, 0x0000000083800000|100%|HS|  |TAMS 0x0000000083700000, 0x0000000083700000| Complete 
|  56|0x0000000083800000, 0x0000000083900000, 0x0000000083900000|100%| O|  |TAMS 0x0000000083800000, 0x0000000083800000| Untracked 
|  57|0x0000000083900000, 0x000000008393ee00, 0x0000000083a00000| 24%| O|  |TAMS 0x0000000083900000, 0x0000000083900000| Untracked 
|  58|0x0000000083a00000, 0x0000000083b00000, 0x0000000083b00000|100%| O|  |TAMS 0x0000000083a00000, 0x0000000083a00000| Untracked 
|  59|0x0000000083b00000, 0x0000000083c00000, 0x0000000083c00000|100%| O|  |TAMS 0x0000000083b00000, 0x0000000083b00000| Untracked 
|  60|0x0000000083c00000, 0x0000000083d00000, 0x0000000083d00000|100%| O|  |TAMS 0x0000000083c00000, 0x0000000083c00000| Untracked 
|  61|0x0000000083d00000, 0x0000000083e00000, 0x0000000083e00000|100%| O|  |TAMS 0x0000000083d00000, 0x0000000083d00000| Untracked 
|  62|0x0000000083e00000, 0x0000000083e00000, 0x0000000083f00000|  0%| F|  |TAMS 0x0000000083e00000, 0x0000000083e00000| Untracked 
|  63|0x0000000083f00000, 0x0000000083f00000, 0x0000000084000000|  0%| F|  |TAMS 0x0000000083f00000, 0x0000000083f00000| Untracked 
|  64|0x0000000084000000, 0x0000000084000000, 0x0000000084100000|  0%| F|  |TAMS 0x0000000084000000, 0x0000000084000000| Untracked 
|  65|0x0000000084100000, 0x0000000084100000, 0x0000000084200000|  0%| F|  |TAMS 0x0000000084100000, 0x0000000084100000| Untracked 
|  66|0x0000000084200000, 0x0000000084200000, 0x0000000084300000|  0%| F|  |TAMS 0x0000000084200000, 0x0000000084200000| Untracked 
|  67|0x0000000084300000, 0x0000000084300000, 0x0000000084400000|  0%| F|  |TAMS 0x0000000084300000, 0x0000000084300000| Untracked 
|  68|0x0000000084400000, 0x0000000084400000, 0x0000000084500000|  0%| F|  |TAMS 0x0000000084400000, 0x0000000084400000| Untracked 
|  69|0x0000000084500000, 0x0000000084500000, 0x0000000084600000|  0%| F|  |TAMS 0x0000000084500000, 0x0000000084500000| Untracked 
|  70|0x0000000084600000, 0x0000000084600000, 0x0000000084700000|  0%| F|  |TAMS 0x0000000084600000, 0x0000000084600000| Untracked 
|  71|0x0000000084700000, 0x0000000084700000, 0x0000000084800000|  0%| F|  |TAMS 0x0000000084700000, 0x0000000084700000| Untracked 
|  72|0x0000000084800000, 0x0000000084800000, 0x0000000084900000|  0%| F|  |TAMS 0x0000000084800000, 0x0000000084800000| Untracked 
|  73|0x0000000084900000, 0x0000000084900000, 0x0000000084a00000|  0%| F|  |TAMS 0x0000000084900000, 0x0000000084900000| Untracked 
|  74|0x0000000084a00000, 0x0000000084a00000, 0x0000000084b00000|  0%| F|  |TAMS 0x0000000084a00000, 0x0000000084a00000| Untracked 
|  75|0x0000000084b00000, 0x0000000084b00000, 0x0000000084c00000|  0%| F|  |TAMS 0x0000000084b00000, 0x0000000084b00000| Untracked 
|  76|0x0000000084c00000, 0x0000000084c00000, 0x0000000084d00000|  0%| F|  |TAMS 0x0000000084c00000, 0x0000000084c00000| Untracked 
|  77|0x0000000084d00000, 0x0000000084d1c690, 0x0000000084e00000| 11%| S|CS|TAMS 0x0000000084d00000, 0x0000000084d00000| Complete 
|  78|0x0000000084e00000, 0x0000000084f00000, 0x0000000084f00000|100%| S|CS|TAMS 0x0000000084e00000, 0x0000000084e00000| Complete 
|  79|0x0000000084f00000, 0x0000000084f00000, 0x0000000085000000|  0%| F|  |TAMS 0x0000000084f00000, 0x0000000084f00000| Untracked 
|  80|0x0000000085000000, 0x0000000085000000, 0x0000000085100000|  0%| F|  |TAMS 0x0000000085000000, 0x0000000085000000| Untracked 
|  81|0x0000000085100000, 0x0000000085100000, 0x0000000085200000|  0%| F|  |TAMS 0x0000000085100000, 0x0000000085100000| Untracked 
|  82|0x0000000085200000, 0x0000000085200000, 0x0000000085300000|  0%| F|  |TAMS 0x0000000085200000, 0x0000000085200000| Untracked 
|  83|0x0000000085300000, 0x0000000085400000, 0x0000000085400000|100%| S|CS|TAMS 0x0000000085300000, 0x0000000085300000| Complete 
|  84|0x0000000085400000, 0x0000000085500000, 0x0000000085500000|100%| S|CS|TAMS 0x0000000085400000, 0x0000000085400000| Complete 
|  85|0x0000000085500000, 0x0000000085500000, 0x0000000085600000|  0%| F|  |TAMS 0x0000000085500000, 0x0000000085500000| Untracked 
|  86|0x0000000085600000, 0x0000000085600000, 0x0000000085700000|  0%| F|  |TAMS 0x0000000085600000, 0x0000000085600000| Untracked 
|  87|0x0000000085700000, 0x0000000085700000, 0x0000000085800000|  0%| F|  |TAMS 0x0000000085700000, 0x0000000085700000| Untracked 
|  88|0x0000000085800000, 0x0000000085800000, 0x0000000085900000|  0%| F|  |TAMS 0x0000000085800000, 0x0000000085800000| Untracked 
|  89|0x0000000085900000, 0x0000000085900000, 0x0000000085a00000|  0%| F|  |TAMS 0x0000000085900000, 0x0000000085900000| Untracked 
|  90|0x0000000085a00000, 0x0000000085a00000, 0x0000000085b00000|  0%| F|  |TAMS 0x0000000085a00000, 0x0000000085a00000| Untracked 
|  91|0x0000000085b00000, 0x0000000085b00000, 0x0000000085c00000|  0%| F|  |TAMS 0x0000000085b00000, 0x0000000085b00000| Untracked 
|  92|0x0000000085c00000, 0x0000000085c00000, 0x0000000085d00000|  0%| F|  |TAMS 0x0000000085c00000, 0x0000000085c00000| Untracked 
|  93|0x0000000085d00000, 0x0000000085dfce98, 0x0000000085e00000| 98%| E|  |TAMS 0x0000000085d00000, 0x0000000085d00000| Complete 
|  94|0x0000000085e00000, 0x0000000085f00000, 0x0000000085f00000|100%| E|CS|TAMS 0x0000000085e00000, 0x0000000085e00000| Complete 
|  95|0x0000000085f00000, 0x0000000086000000, 0x0000000086000000|100%| E|CS|TAMS 0x0000000085f00000, 0x0000000085f00000| Complete 
|  96|0x0000000086000000, 0x0000000086100000, 0x0000000086100000|100%| E|CS|TAMS 0x0000000086000000, 0x0000000086000000| Complete 
|  97|0x0000000086100000, 0x0000000086200000, 0x0000000086200000|100%| E|CS|TAMS 0x0000000086100000, 0x0000000086100000| Complete 
|  98|0x0000000086200000, 0x0000000086300000, 0x0000000086300000|100%| E|CS|TAMS 0x0000000086200000, 0x0000000086200000| Complete 
|  99|0x0000000086300000, 0x0000000086400000, 0x0000000086400000|100%| E|CS|TAMS 0x0000000086300000, 0x0000000086300000| Complete 
| 100|0x0000000086400000, 0x0000000086500000, 0x0000000086500000|100%| E|CS|TAMS 0x0000000086400000, 0x0000000086400000| Complete 
| 101|0x0000000086500000, 0x0000000086600000, 0x0000000086600000|100%| E|CS|TAMS 0x0000000086500000, 0x0000000086500000| Complete 
| 102|0x0000000086600000, 0x0000000086700000, 0x0000000086700000|100%| E|CS|TAMS 0x0000000086600000, 0x0000000086600000| Complete 
| 103|0x0000000086700000, 0x0000000086800000, 0x0000000086800000|100%| E|CS|TAMS 0x0000000086700000, 0x0000000086700000| Complete 
| 104|0x0000000086800000, 0x0000000086900000, 0x0000000086900000|100%| E|CS|TAMS 0x0000000086800000, 0x0000000086800000| Complete 
| 105|0x0000000086900000, 0x0000000086a00000, 0x0000000086a00000|100%| E|CS|TAMS 0x0000000086900000, 0x0000000086900000| Complete 
| 106|0x0000000086a00000, 0x0000000086b00000, 0x0000000086b00000|100%| E|CS|TAMS 0x0000000086a00000, 0x0000000086a00000| Complete 
| 107|0x0000000086b00000, 0x0000000086c00000, 0x0000000086c00000|100%| E|CS|TAMS 0x0000000086b00000, 0x0000000086b00000| Complete 
| 108|0x0000000086c00000, 0x0000000086d00000, 0x0000000086d00000|100%| E|CS|TAMS 0x0000000086c00000, 0x0000000086c00000| Complete 
| 109|0x0000000086d00000, 0x0000000086e00000, 0x0000000086e00000|100%| E|CS|TAMS 0x0000000086d00000, 0x0000000086d00000| Complete 
| 117|0x0000000087500000, 0x0000000087600000, 0x0000000087600000|100%| E|CS|TAMS 0x0000000087500000, 0x0000000087500000| Complete 

Card table byte_map: [0x000001d29f5d0000,0x000001d29f9d0000] _byte_map_base: 0x000001d29f1d0000

Marking Bits (Prev, Next): (CMBitMap*) 0x000001d28c7f8e40, (CMBitMap*) 0x000001d28c7f8e00
 Prev Bits: [0x000001d2a1dd0000, 0x000001d2a3dd0000)
 Next Bits: [0x000001d29fdd0000, 0x000001d2a1dd0000)

Polling page: 0x000001d28a710000

Metaspace:

Usage:
  Non-class:     62.58 MB used.
      Class:      9.67 MB used.
       Both:     72.24 MB used.

Virtual space:
  Non-class space:       64.00 MB reserved,      62.94 MB ( 98%) committed,  1 nodes.
      Class space:        1.00 GB reserved,       9.94 MB ( <1%) committed,  1 nodes.
             Both:        1.06 GB reserved,      72.88 MB (  7%) committed. 

Chunk freelists:
   Non-Class:  1.03 MB
       Class:  6.04 MB
        Both:  7.07 MB

MaxMetaspaceSize: unlimited
CompressedClassSpaceSize: 1.00 GB
Initial GC threshold: 21.00 MB
Current GC threshold: 114.50 MB
CDS: off
MetaspaceReclaimPolicy: balanced
 - commit_granule_bytes: 65536.
 - commit_granule_words: 8192.
 - virtual_space_node_default_size: 8388608.
 - enlarge_chunks_in_place: 1.
 - new_chunks_are_fully_committed: 0.
 - uncommit_free_chunks: 1.
 - use_allocation_guard: 0.
 - handle_deallocations: 1.


Internal statistics:

num_allocs_failed_limit: 6.
num_arena_births: 694.
num_arena_deaths: 0.
num_vsnodes_births: 2.
num_vsnodes_deaths: 0.
num_space_committed: 1166.
num_space_uncommitted: 0.
num_chunks_returned_to_freelist: 6.
num_chunks_taken_from_freelist: 3278.
num_chunk_merges: 6.
num_chunk_splits: 2173.
num_chunks_enlarged: 1487.
num_inconsistent_stats: 0.

CodeHeap 'non-profiled nmethods': size=120000Kb used=2933Kb max_used=3414Kb free=117066Kb
 bounds [0x000001d297740000, 0x000001d297aa0000, 0x000001d29ec70000]
CodeHeap 'profiled nmethods': size=120000Kb used=12686Kb max_used=13009Kb free=107313Kb
 bounds [0x000001d28fc70000, 0x000001d290930000, 0x000001d2971a0000]
CodeHeap 'non-nmethods': size=5760Kb used=2350Kb max_used=2386Kb free=3409Kb
 bounds [0x000001d2971a0000, 0x000001d297410000, 0x000001d297740000]
 total_blobs=7589 nmethods=6717 adapters=784
 compilation: enabled
              stopped_count=0, restarted_count=0
 full_count=0

Compilation events (20 events):
Event: 14.538 Thread 0x000001d2a6be88e0 7541       3       java.beans.Introspector::isAssignable (27 bytes)
Event: 14.539 Thread 0x000001d2a6be88e0 nmethod 7541 0x000001d28fd26310 code [0x000001d28fd264c0, 0x000001d28fd266c8]
Event: 14.541 Thread 0x000001d2a6be88e0 7542       3       java.beans.PropertyDescriptor::<init> (112 bytes)
Event: 14.542 Thread 0x000001d2a6be88e0 nmethod 7542 0x000001d28fe57e90 code [0x000001d28fe580c0, 0x000001d28fe58808]
Event: 14.542 Thread 0x000001d2a6be88e0 7543   !   3       java.beans.PropertyDescriptor::updateGenericsFor (37 bytes)
Event: 14.543 Thread 0x000001d2a6be88e0 nmethod 7543 0x000001d28fe56590 code [0x000001d28fe56860, 0x000001d28fe578d8]
Event: 14.547 Thread 0x000001d2a6be88e0 7545       3       groovy.lang.MetaClassImpl$$Lambda$470/0x000000010053db18::apply (12 bytes)
Event: 14.548 Thread 0x000001d2a6be88e0 nmethod 7545 0x000001d290013b10 code [0x000001d290013d40, 0x000001d290014418]
Event: 14.548 Thread 0x000001d2a6be88e0 7548       3       java.util.AbstractSequentialList::iterator (5 bytes)
Event: 14.548 Thread 0x000001d2a6be88e0 nmethod 7548 0x000001d28fe56010 code [0x000001d28fe561c0, 0x000001d28fe56468]
Event: 14.548 Thread 0x000001d2a6be88e0 7546       3       groovy.lang.MetaClassImpl::lambda$getPropName$5 (27 bytes)
Event: 14.548 Thread 0x000001d2a6be88e0 nmethod 7546 0x000001d290013110 code [0x000001d290013320, 0x000001d290013878]
Event: 14.549 Thread 0x000001d2a6be88e0 7547       3       org.apache.groovy.util.BeanUtils::decapitalize (68 bytes)
Event: 14.550 Thread 0x000001d2a6be88e0 nmethod 7547 0x000001d290011090 code [0x000001d290011400, 0x000001d290012948]
Event: 14.551 Thread 0x000001d2a6be88e0 7549       3       kotlin.jvm.internal.Intrinsics::checkNotNull (9 bytes)
Event: 14.551 Thread 0x000001d2a6be88e0 nmethod 7549 0x000001d29039fd10 code [0x000001d29039ff00, 0x000001d2903a03c8]
Event: 14.553 Thread 0x000001d2a6be88e0 7550       3       java.util.jar.JarFile::getEntry (35 bytes)
Event: 14.554 Thread 0x000001d2a6be88e0 nmethod 7550 0x000001d29039f510 code [0x000001d29039f700, 0x000001d29039fb78]
Event: 14.578 Thread 0x000001d2a6be88e0 7551       3       java.util.HashMap::values (25 bytes)
Event: 14.578 Thread 0x000001d2a6be88e0 nmethod 7551 0x000001d28fd25c10 code [0x000001d28fd25dc0, 0x000001d28fd26138]

GC Heap History (20 events):
Event: 11.183 GC heap before
{Heap before GC invocations=23 (full 0):
 garbage-first heap   total 82944K, used 58293K [0x0000000080000000, 0x0000000100000000)
  region size 1024K, 9 young (9216K), 1 survivors (1024K)
 Metaspace       used 59066K, committed 59648K, reserved 1114112K
  class space    used 7997K, committed 8256K, reserved 1048576K
}
Event: 11.184 GC heap after
{Heap after GC invocations=24 (full 0):
 garbage-first heap   total 82944K, used 52675K [0x0000000080000000, 0x0000000100000000)
  region size 1024K, 1 young (1024K), 1 survivors (1024K)
 Metaspace       used 59066K, committed 59648K, reserved 1114112K
  class space    used 7997K, committed 8256K, reserved 1048576K
}
Event: 11.426 GC heap before
{Heap before GC invocations=25 (full 0):
 garbage-first heap   total 94208K, used 65987K [0x0000000080000000, 0x0000000100000000)
  region size 1024K, 13 young (13312K), 1 survivors (1024K)
 Metaspace       used 59996K, committed 60608K, reserved 1114112K
  class space    used 8122K, committed 8384K, reserved 1048576K
}
Event: 11.428 GC heap after
{Heap after GC invocations=26 (full 0):
 garbage-first heap   total 94208K, used 54050K [0x0000000080000000, 0x0000000100000000)
  region size 1024K, 2 young (2048K), 2 survivors (2048K)
 Metaspace       used 59996K, committed 60608K, reserved 1114112K
  class space    used 8122K, committed 8384K, reserved 1048576K
}
Event: 11.459 GC heap before
{Heap before GC invocations=26 (full 0):
 garbage-first heap   total 94208K, used 56098K [0x0000000080000000, 0x0000000100000000)
  region size 1024K, 4 young (4096K), 2 survivors (2048K)
 Metaspace       used 60166K, committed 60736K, reserved 1114112K
  class space    used 8151K, committed 8384K, reserved 1048576K
}
Event: 11.461 GC heap after
{Heap after GC invocations=27 (full 0):
 garbage-first heap   total 113664K, used 53765K [0x0000000080000000, 0x0000000100000000)
  region size 1024K, 1 young (1024K), 1 survivors (1024K)
 Metaspace       used 60166K, committed 60736K, reserved 1114112K
  class space    used 8151K, committed 8384K, reserved 1048576K
}
Event: 12.001 GC heap before
{Heap before GC invocations=27 (full 0):
 garbage-first heap   total 113664K, used 82437K [0x0000000080000000, 0x0000000100000000)
  region size 1024K, 29 young (29696K), 1 survivors (1024K)
 Metaspace       used 62871K, committed 63424K, reserved 1114112K
  class space    used 8450K, committed 8704K, reserved 1048576K
}
Event: 12.003 GC heap after
{Heap after GC invocations=28 (full 0):
 garbage-first heap   total 113664K, used 54405K [0x0000000080000000, 0x0000000100000000)
  region size 1024K, 2 young (2048K), 2 survivors (2048K)
 Metaspace       used 62871K, committed 63424K, reserved 1114112K
  class space    used 8450K, committed 8704K, reserved 1048576K
}
Event: 12.546 GC heap before
{Heap before GC invocations=29 (full 0):
 garbage-first heap   total 113664K, used 84101K [0x0000000080000000, 0x0000000100000000)
  region size 1024K, 31 young (31744K), 2 survivors (2048K)
 Metaspace       used 66082K, committed 66688K, reserved 1114112K
  class space    used 8807K, committed 9088K, reserved 1048576K
}
Event: 12.549 GC heap after
{Heap after GC invocations=30 (full 0):
 garbage-first heap   total 113664K, used 55301K [0x0000000080000000, 0x0000000100000000)
  region size 1024K, 2 young (2048K), 2 survivors (2048K)
 Metaspace       used 66082K, committed 66688K, reserved 1114112K
  class space    used 8807K, committed 9088K, reserved 1048576K
}
Event: 12.609 GC heap before
{Heap before GC invocations=30 (full 0):
 garbage-first heap   total 113664K, used 58373K [0x0000000080000000, 0x0000000100000000)
  region size 1024K, 5 young (5120K), 2 survivors (2048K)
 Metaspace       used 66442K, committed 67072K, reserved 1114112K
  class space    used 8846K, committed 9152K, reserved 1048576K
}
Event: 12.613 GC heap after
{Heap after GC invocations=31 (full 0):
 garbage-first heap   total 113664K, used 55038K [0x0000000080000000, 0x0000000100000000)
  region size 1024K, 1 young (1024K), 1 survivors (1024K)
 Metaspace       used 66442K, committed 67072K, reserved 1114112K
  class space    used 8846K, committed 9152K, reserved 1048576K
}
Event: 13.182 GC heap before
{Heap before GC invocations=31 (full 0):
 garbage-first heap   total 113664K, used 90878K [0x0000000080000000, 0x0000000100000000)
  region size 1024K, 32 young (32768K), 1 survivors (1024K)
 Metaspace       used 69720K, committed 70336K, reserved 1114112K
  class space    used 9316K, committed 9600K, reserved 1048576K
}
Event: 13.186 GC heap after
{Heap after GC invocations=32 (full 0):
 garbage-first heap   total 113664K, used 62824K [0x0000000080000000, 0x0000000100000000)
  region size 1024K, 4 young (4096K), 4 survivors (4096K)
 Metaspace       used 69720K, committed 70336K, reserved 1114112K
  class space    used 9316K, committed 9600K, reserved 1048576K
}
Event: 13.663 GC heap before
{Heap before GC invocations=33 (full 0):
 garbage-first heap   total 113664K, used 88424K [0x0000000080000000, 0x0000000100000000)
  region size 1024K, 29 young (29696K), 4 survivors (4096K)
 Metaspace       used 71309K, committed 71936K, reserved 1114112K
  class space    used 9544K, committed 9792K, reserved 1048576K
}
Event: 13.667 GC heap after
{Heap after GC invocations=34 (full 0):
 garbage-first heap   total 113664K, used 62989K [0x0000000080000000, 0x0000000100000000)
  region size 1024K, 2 young (2048K), 2 survivors (2048K)
 Metaspace       used 71309K, committed 71936K, reserved 1114112K
  class space    used 9544K, committed 9792K, reserved 1048576K
}
Event: 14.193 GC heap before
{Heap before GC invocations=34 (full 0):
 garbage-first heap   total 113664K, used 89613K [0x0000000080000000, 0x0000000100000000)
  region size 1024K, 28 young (28672K), 2 survivors (2048K)
 Metaspace       used 73159K, committed 73728K, reserved 1114112K
  class space    used 9779K, committed 10048K, reserved 1048576K
}
Event: 14.195 GC heap after
{Heap after GC invocations=35 (full 0):
 garbage-first heap   total 113664K, used 64362K [0x0000000080000000, 0x0000000100000000)
  region size 1024K, 4 young (4096K), 4 survivors (4096K)
 Metaspace       used 73159K, committed 73728K, reserved 1114112K
  class space    used 9779K, committed 10048K, reserved 1048576K
}
Event: 14.523 GC heap before
{Heap before GC invocations=35 (full 0):
 garbage-first heap   total 113664K, used 90986K [0x0000000080000000, 0x0000000100000000)
  region size 1024K, 30 young (30720K), 4 survivors (4096K)
 Metaspace       used 73910K, committed 74560K, reserved 1114112K
  class space    used 9894K, committed 10176K, reserved 1048576K
}
Event: 14.527 GC heap after
{Heap after GC invocations=36 (full 0):
 garbage-first heap   total 113664K, used 65901K [0x0000000080000000, 0x0000000100000000)
  region size 1024K, 4 young (4096K), 4 survivors (4096K)
 Metaspace       used 73910K, committed 74560K, reserved 1114112K
  class space    used 9894K, committed 10176K, reserved 1048576K
}

Dll operation events (3 events):
Event: 0.014 Loaded shared library C:\Program Files\Android\Android Studio\jbr\bin\java.dll
Event: 0.235 Loaded shared library C:\Program Files\Android\Android Studio\jbr\bin\zip.dll
Event: 0.794 Loaded shared library C:\Program Files\Android\Android Studio\jbr\bin\verify.dll

Deoptimization events (20 events):
Event: 14.386 Thread 0x000001d2aca5a710 DEOPT PACKING pc=0x000001d290482ec5 sp=0x000000177cdf6060
Event: 14.387 Thread 0x000001d2aca5a710 DEOPT UNPACKING pc=0x000001d2971f7143 sp=0x000000177cdf5548 mode 0
Event: 14.388 Thread 0x000001d2aca5a710 DEOPT PACKING pc=0x000001d290482ec5 sp=0x000000177cdf6210
Event: 14.388 Thread 0x000001d2aca5a710 DEOPT UNPACKING pc=0x000001d2971f7143 sp=0x000000177cdf56f8 mode 0
Event: 14.388 Thread 0x000001d2aca5a710 DEOPT PACKING pc=0x000001d290482ec5 sp=0x000000177cdf6100
Event: 14.388 Thread 0x000001d2aca5a710 DEOPT UNPACKING pc=0x000001d2971f7143 sp=0x000000177cdf55e8 mode 0
Event: 14.389 Thread 0x000001d2aca5a710 DEOPT PACKING pc=0x000001d290482ec5 sp=0x000000177cdf5fb0
Event: 14.389 Thread 0x000001d2aca5a710 DEOPT UNPACKING pc=0x000001d2971f7143 sp=0x000000177cdf5498 mode 0
Event: 14.390 Thread 0x000001d2aca5a710 DEOPT PACKING pc=0x000001d290482ec5 sp=0x000000177cdf5a80
Event: 14.390 Thread 0x000001d2aca5a710 DEOPT UNPACKING pc=0x000001d2971f7143 sp=0x000000177cdf4f68 mode 0
Event: 14.391 Thread 0x000001d2aca5a710 DEOPT PACKING pc=0x000001d290482ec5 sp=0x000000177cdf5980
Event: 14.391 Thread 0x000001d2aca5a710 DEOPT UNPACKING pc=0x000001d2971f7143 sp=0x000000177cdf4e68 mode 0
Event: 14.392 Thread 0x000001d2aca5a710 DEOPT PACKING pc=0x000001d290482ec5 sp=0x000000177cdf58d0
Event: 14.392 Thread 0x000001d2aca5a710 DEOPT UNPACKING pc=0x000001d2971f7143 sp=0x000000177cdf4db8 mode 0
Event: 14.394 Thread 0x000001d2aca5a710 DEOPT PACKING pc=0x000001d290482ec5 sp=0x000000177cdf52a0
Event: 14.394 Thread 0x000001d2aca5a710 DEOPT UNPACKING pc=0x000001d2971f7143 sp=0x000000177cdf4788 mode 0
Event: 14.553 Thread 0x000001d2aca5a710 Uncommon trap: trap_request=0xffffff45 fr.pc=0x000001d297a408b4 relative=0x0000000000000b14
Event: 14.553 Thread 0x000001d2aca5a710 Uncommon trap: reason=unstable_if action=reinterpret pc=0x000001d297a408b4 method=java.util.jar.JarFile.getVersionedEntry(Ljava/lang/String;Ljava/util/jar/JarEntry;)Ljava/util/jar/JarEntry; @ 57 c2
Event: 14.553 Thread 0x000001d2aca5a710 DEOPT PACKING pc=0x000001d297a408b4 sp=0x000000177cdf5340
Event: 14.553 Thread 0x000001d2aca5a710 DEOPT UNPACKING pc=0x000001d2971f69a3 sp=0x000000177cdf52a0 mode 2

Classes unloaded (0 events):
No events

Classes redefined (0 events):
No events

Internal exceptions (20 events):
Event: 14.530 Thread 0x000001d2aca5a710 Exception <a 'java/lang/ClassNotFoundException'{0x000000008753d4d8}: com/android/build/gradle/internal/dsl/DefaultConfigBeanInfo> (0x000000008753d4d8) 
thrown [s\src\hotspot\share\classfile\systemDictionary.cpp, line 256]
Event: 14.530 Thread 0x000001d2aca5a710 Exception <a 'java/lang/ClassNotFoundException'{0x000000008754e460}: com/android/build/gradle/internal/dsl/BaseFlavorBeanInfo> (0x000000008754e460) 
thrown [s\src\hotspot\share\classfile\systemDictionary.cpp, line 256]
Event: 14.531 Thread 0x000001d2aca5a710 Exception <a 'java/lang/ClassNotFoundException'{0x000000008755f1b8}: com/android/builder/core/AbstractProductFlavorBeanInfo> (0x000000008755f1b8) 
thrown [s\src\hotspot\share\classfile\systemDictionary.cpp, line 256]
Event: 14.531 Thread 0x000001d2aca5a710 Exception <a 'java/lang/ClassNotFoundException'{0x0000000087570240}: com/android/builder/internal/BaseConfigImplBeanInfo> (0x0000000087570240) 
thrown [s\src\hotspot\share\classfile\systemDictionary.cpp, line 256]
Event: 14.532 Thread 0x000001d2aca5a710 Exception <a 'java/lang/ClassNotFoundException'{0x0000000087581268}: com/android/builder/internal/BaseConfigImplCustomizer> (0x0000000087581268) 
thrown [s\src\hotspot\share\classfile\systemDictionary.cpp, line 256]
Event: 14.534 Thread 0x000001d2aca5a710 Exception <a 'java/lang/ClassNotFoundException'{0x00000000875b1680}: com/android/builder/core/AbstractProductFlavorCustomizer> (0x00000000875b1680) 
thrown [s\src\hotspot\share\classfile\systemDictionary.cpp, line 256]
Event: 14.536 Thread 0x000001d2aca5a710 Exception <a 'java/lang/ClassNotFoundException'{0x00000000875feb30}: com/android/build/gradle/internal/dsl/BaseFlavorCustomizer> (0x00000000875feb30) 
thrown [s\src\hotspot\share\classfile\systemDictionary.cpp, line 256]
Event: 14.539 Thread 0x000001d2aca5a710 Exception <a 'java/lang/ClassNotFoundException'{0x0000000086d6ad10}: com/android/build/gradle/internal/dsl/DefaultConfigCustomizer> (0x0000000086d6ad10) 
thrown [s\src\hotspot\share\classfile\systemDictionary.cpp, line 256]
Event: 14.541 Thread 0x000001d2aca5a710 Exception <a 'java/lang/ClassNotFoundException'{0x0000000086d938e0}: com/android/build/gradle/internal/dsl/DefaultConfig$AgpDecoratedCustomizer> (0x0000000086d938e0) 
thrown [s\src\hotspot\share\classfile\systemDictionary.cpp, line 256]
Event: 14.543 Thread 0x000001d2aca5a710 Exception <a 'java/lang/ClassNotFoundException'{0x0000000086ded5a8}: com/android/build/gradle/internal/dsl/DefaultConfig$AgpDecorated_DecoratedCustomizer> (0x0000000086ded5a8) 
thrown [s\src\hotspot\share\classfile\systemDictionary.cpp, line 256]
Event: 14.553 Thread 0x000001d2aca5a710 Exception <a 'java/lang/ClassNotFoundException'{0x0000000086b282a8}: org/gradle/api/internal/NamedDomainObjectContainerConfigureDelegateBeanInfo> (0x0000000086b282a8) 
thrown [s\src\hotspot\share\classfile\systemDictionary.cpp, line 256]
Event: 14.554 Thread 0x000001d2aca5a710 Exception <a 'java/lang/ClassNotFoundException'{0x0000000086b425b8}: org/gradle/api/internal/NamedDomainObjectContainerConfigureDelegateCustomizer> (0x0000000086b425b8) 
thrown [s\src\hotspot\share\classfile\systemDictionary.cpp, line 256]
Event: 14.565 Thread 0x000001d2aca5a710 Exception <a 'java/lang/ClassNotFoundException'{0x00000000869b4348}: org/gradle/api/internal/FactoryNamedDomainObjectContainer_DecoratedBeanInfo> (0x00000000869b4348) 
thrown [s\src\hotspot\share\classfile\systemDictionary.cpp, line 256]
Event: 14.566 Thread 0x000001d2aca5a710 Exception <a 'java/lang/ClassNotFoundException'{0x00000000869cff58}: org/gradle/api/internal/FactoryNamedDomainObjectContainerBeanInfo> (0x00000000869cff58) 
thrown [s\src\hotspot\share\classfile\systemDictionary.cpp, line 256]
Event: 14.568 Thread 0x000001d2aca5a710 Exception <a 'java/lang/ClassNotFoundException'{0x00000000869ebb58}: org/gradle/api/internal/AbstractNamedDomainObjectContainerBeanInfo> (0x00000000869ebb58) 
thrown [s\src\hotspot\share\classfile\systemDictionary.cpp, line 256]
Event: 14.569 Thread 0x000001d2aca5a710 Exception <a 'java/lang/ClassNotFoundException'{0x0000000086808528}: org/gradle/api/internal/DefaultNamedDomainObjectSetBeanInfo> (0x0000000086808528) 
thrown [s\src\hotspot\share\classfile\systemDictionary.cpp, line 256]
Event: 14.571 Thread 0x000001d2aca5a710 Exception <a 'java/lang/ClassNotFoundException'{0x0000000086824260}: org/gradle/api/internal/DefaultNamedDomainObjectSetCustomizer> (0x0000000086824260) 
thrown [s\src\hotspot\share\classfile\systemDictionary.cpp, line 256]
Event: 14.574 Thread 0x000001d2aca5a710 Exception <a 'java/lang/ClassNotFoundException'{0x000000008685bb50}: org/gradle/api/internal/AbstractNamedDomainObjectContainerCustomizer> (0x000000008685bb50) 
thrown [s\src\hotspot\share\classfile\systemDictionary.cpp, line 256]
Event: 14.577 Thread 0x000001d2aca5a710 Exception <a 'java/lang/ClassNotFoundException'{0x000000008688b338}: org/gradle/api/internal/FactoryNamedDomainObjectContainerCustomizer> (0x000000008688b338) 
thrown [s\src\hotspot\share\classfile\systemDictionary.cpp, line 256]
Event: 14.579 Thread 0x000001d2aca5a710 Exception <a 'java/lang/ClassNotFoundException'{0x00000000868b0848}: org/gradle/api/internal/FactoryNamedDomainObjectContainer_DecoratedCustomizer> (0x00000000868b0848) 
thrown [s\src\hotspot\share\classfile\systemDictionary.cpp, line 256]

VM Operations (20 events):
Event: 12.609 Executing VM operation: G1CollectForAllocation
Event: 12.613 Executing VM operation: G1CollectForAllocation done
Event: 13.009 Executing VM operation: HandshakeAllThreads
Event: 13.010 Executing VM operation: HandshakeAllThreads done
Event: 13.066 Executing VM operation: HandshakeAllThreads
Event: 13.066 Executing VM operation: HandshakeAllThreads done
Event: 13.182 Executing VM operation: G1CollectForAllocation
Event: 13.186 Executing VM operation: G1CollectForAllocation done
Event: 13.219 Executing VM operation: G1PauseRemark
Event: 13.222 Executing VM operation: G1PauseRemark done
Event: 13.237 Executing VM operation: G1PauseCleanup
Event: 13.237 Executing VM operation: G1PauseCleanup done
Event: 13.392 Executing VM operation: HandshakeAllThreads
Event: 13.393 Executing VM operation: HandshakeAllThreads done
Event: 13.663 Executing VM operation: G1CollectForAllocation
Event: 13.667 Executing VM operation: G1CollectForAllocation done
Event: 14.193 Executing VM operation: G1CollectForAllocation
Event: 14.195 Executing VM operation: G1CollectForAllocation done
Event: 14.523 Executing VM operation: G1CollectForAllocation
Event: 14.527 Executing VM operation: G1CollectForAllocation done

Events (20 events):
Event: 13.143 loading class java/util/jar/JarVerifier$VerifierStream done
Event: 13.143 loading class sun/security/util/ManifestEntryVerifier$SunProviderHolder
Event: 13.143 loading class sun/security/util/ManifestEntryVerifier$SunProviderHolder done
Event: 13.251 loading class java/security/KeyStore$ProtectionParameter
Event: 13.252 loading class java/security/KeyStore$ProtectionParameter done
Event: 13.381 loading class java/util/concurrent/LinkedBlockingDeque$Itr
Event: 13.382 loading class java/util/concurrent/LinkedBlockingDeque$AbstractItr
Event: 13.382 loading class java/util/concurrent/LinkedBlockingDeque$AbstractItr done
Event: 13.382 loading class java/util/concurrent/LinkedBlockingDeque$Itr done
Event: 13.857 loading class java/security/KeyStore
Event: 13.859 loading class java/security/KeyStore done
Event: 13.859 loading class java/security/KeyStore$1
Event: 13.860 loading class java/security/KeyStore$1 done
Event: 14.154 loading class javax/xml/stream/XMLStreamException
Event: 14.154 loading class javax/xml/stream/XMLStreamException done
Event: 14.180 loading class sun/reflect/annotation/AnnotationInvocationHandler$1
Event: 14.181 loading class sun/reflect/annotation/AnnotationInvocationHandler$1 done
Event: 14.374 Thread 0x000001d2aecd6f50 Thread added: 0x000001d2aecd6f50
Event: 14.538 loading class java/beans/IntrospectionException
Event: 14.538 loading class java/beans/IntrospectionException done


Dynamic libraries:
0x00007ff626ba0000 - 0x00007ff626baa000 	C:\Program Files\Android\Android Studio\jbr\bin\java.exe
0x00007ffa82950000 - 0x00007ffa82b67000 	C:\Windows\SYSTEM32\ntdll.dll
0x00007ffa81430000 - 0x00007ffa814f4000 	C:\Windows\System32\KERNEL32.DLL
0x00007ffa7fec0000 - 0x00007ffa8026d000 	C:\Windows\System32\KERNELBASE.dll
0x00007ffa80350000 - 0x00007ffa80461000 	C:\Windows\System32\ucrtbase.dll
0x00007ffa62c10000 - 0x00007ffa62c2b000 	C:\Program Files\Android\Android Studio\jbr\bin\VCRUNTIME140.dll
0x00007ffa639b0000 - 0x00007ffa639c7000 	C:\Program Files\Android\Android Studio\jbr\bin\jli.dll
0x00007ffa81e70000 - 0x00007ffa8201e000 	C:\Windows\System32\USER32.dll
0x00007ffa80270000 - 0x00007ffa80296000 	C:\Windows\System32\win32u.dll
0x00007ffa699d0000 - 0x00007ffa69c63000 	C:\Windows\WinSxS\amd64_microsoft.windows.common-controls_6595b64144ccf1df_6.0.22621.3672_none_2713b9d173822955\COMCTL32.dll
0x00007ffa82470000 - 0x00007ffa82499000 	C:\Windows\System32\GDI32.dll
0x00007ffa825a0000 - 0x00007ffa82647000 	C:\Windows\System32\msvcrt.dll
0x00007ffa7fc70000 - 0x00007ffa7fd89000 	C:\Windows\System32\gdi32full.dll
0x00007ffa805e0000 - 0x00007ffa8067a000 	C:\Windows\System32\msvcp_win.dll
0x00007ffa826d0000 - 0x00007ffa82701000 	C:\Windows\System32\IMM32.DLL
0x00007ffa71070000 - 0x00007ffa7107c000 	C:\Program Files\Android\Android Studio\jbr\bin\vcruntime140_1.dll
0x00007ffa55230000 - 0x00007ffa552bd000 	C:\Program Files\Android\Android Studio\jbr\bin\msvcp140.dll
0x00007ff9ef900000 - 0x00007ff9f0583000 	C:\Program Files\Android\Android Studio\jbr\bin\server\jvm.dll
0x00007ffa807e0000 - 0x00007ffa80892000 	C:\Windows\System32\ADVAPI32.dll
0x00007ffa82020000 - 0x00007ffa820c9000 	C:\Windows\System32\sechost.dll
0x00007ffa80320000 - 0x00007ffa80348000 	C:\Windows\System32\bcrypt.dll
0x00007ffa81500000 - 0x00007ffa81614000 	C:\Windows\System32\RPCRT4.dll
0x00007ffa7eae0000 - 0x00007ffa7eb2d000 	C:\Windows\SYSTEM32\POWRPROF.dll
0x00007ffa7b470000 - 0x00007ffa7b4a4000 	C:\Windows\SYSTEM32\WINMM.dll
0x00007ffa79470000 - 0x00007ffa7947a000 	C:\Windows\SYSTEM32\VERSION.dll
0x00007ffa7b4d0000 - 0x00007ffa7b4d9000 	C:\Windows\SYSTEM32\WSOCK32.dll
0x00007ffa81320000 - 0x00007ffa81391000 	C:\Windows\System32\WS2_32.dll
0x00007ffa7eac0000 - 0x00007ffa7ead3000 	C:\Windows\SYSTEM32\UMPDC.dll
0x00007ffa7ed70000 - 0x00007ffa7ed88000 	C:\Windows\SYSTEM32\kernel.appcore.dll
0x00007ffa74c20000 - 0x00007ffa74c2a000 	C:\Program Files\Android\Android Studio\jbr\bin\jimage.dll
0x00007ffa784f0000 - 0x00007ffa78722000 	C:\Windows\SYSTEM32\DBGHELP.DLL
0x00007ffa820e0000 - 0x00007ffa8246e000 	C:\Windows\System32\combase.dll
0x00007ffa809a0000 - 0x00007ffa80a77000 	C:\Windows\System32\OLEAUT32.dll
0x00007ffa6e3f0000 - 0x00007ffa6e422000 	C:\Windows\SYSTEM32\dbgcore.DLL
0x00007ffa802a0000 - 0x00007ffa8031b000 	C:\Windows\System32\bcryptPrimitives.dll
0x00007ffa719d0000 - 0x00007ffa719de000 	C:\Program Files\Android\Android Studio\jbr\bin\instrument.dll
0x00007ffa6fa70000 - 0x00007ffa6fa95000 	C:\Program Files\Android\Android Studio\jbr\bin\java.dll
0x00007ffa74b10000 - 0x00007ffa74b28000 	C:\Program Files\Android\Android Studio\jbr\bin\zip.dll
0x00007ffa80aa0000 - 0x00007ffa81307000 	C:\Windows\System32\SHELL32.dll
0x00007ffa7dbb0000 - 0x00007ffa7e4af000 	C:\Windows\SYSTEM32\windows.storage.dll
0x00007ffa7da70000 - 0x00007ffa7dbaf000 	C:\Windows\SYSTEM32\wintypes.dll
0x00007ffa808a0000 - 0x00007ffa80999000 	C:\Windows\System32\SHCORE.dll
0x00007ffa82660000 - 0x00007ffa826be000 	C:\Windows\System32\shlwapi.dll
0x00007ffa7fba0000 - 0x00007ffa7fbc7000 	C:\Windows\SYSTEM32\profapi.dll
0x00007ffa74a10000 - 0x00007ffa74a29000 	C:\Program Files\Android\Android Studio\jbr\bin\net.dll
0x00007ffa7bcf0000 - 0x00007ffa7be26000 	C:\Windows\SYSTEM32\WINHTTP.dll
0x00007ffa7f1e0000 - 0x00007ffa7f249000 	C:\Windows\system32\mswsock.dll
0x00007ffa70f60000 - 0x00007ffa70f76000 	C:\Program Files\Android\Android Studio\jbr\bin\nio.dll
0x00007ffa71a10000 - 0x00007ffa71a20000 	C:\Program Files\Android\Android Studio\jbr\bin\verify.dll
0x00007ffa71080000 - 0x00007ffa710a7000 	C:\Users\Gerardo\.gradle\native\c067742578af261105cb4f569cf0c3c89f3d7b1fecec35dd04571415982c5e48\windows-amd64\native-platform.dll
0x00007ffa54c30000 - 0x00007ffa54d74000 	C:\Users\Gerardo\.gradle\native\38dada09dfb8b06ba9b0570ebf7e218e3eb74d4ef43ca46872605cf95ebc2f47\windows-amd64\native-platform-file-events.dll
0x00007ffa74ab0000 - 0x00007ffa74ab9000 	C:\Program Files\Android\Android Studio\jbr\bin\management.dll
0x00007ffa74a50000 - 0x00007ffa74a5b000 	C:\Program Files\Android\Android Studio\jbr\bin\management_ext.dll
0x00007ffa81310000 - 0x00007ffa81318000 	C:\Windows\System32\PSAPI.DLL
0x00007ffa7f410000 - 0x00007ffa7f42b000 	C:\Windows\SYSTEM32\CRYPTSP.dll
0x00007ffa7ecd0000 - 0x00007ffa7ed05000 	C:\Windows\system32\rsaenh.dll
0x00007ffa7f2a0000 - 0x00007ffa7f2c8000 	C:\Windows\SYSTEM32\USERENV.dll
0x00007ffa7f400000 - 0x00007ffa7f40c000 	C:\Windows\SYSTEM32\CRYPTBASE.dll
0x00007ffa7e780000 - 0x00007ffa7e7ad000 	C:\Windows\SYSTEM32\IPHLPAPI.DLL
0x00007ffa820d0000 - 0x00007ffa820d9000 	C:\Windows\System32\NSI.dll
0x00007ffa7bc20000 - 0x00007ffa7bc39000 	C:\Windows\SYSTEM32\dhcpcsvc6.DLL
0x00007ffa7bbe0000 - 0x00007ffa7bbff000 	C:\Windows\SYSTEM32\dhcpcsvc.DLL
0x00007ffa7e7b0000 - 0x00007ffa7e8a8000 	C:\Windows\SYSTEM32\DNSAPI.dll
0x00007ffa74c10000 - 0x00007ffa74c19000 	C:\Program Files\Android\Android Studio\jbr\bin\extnet.dll
0x00007ffa4ab40000 - 0x00007ffa4ab48000 	C:\Windows\system32\wshunix.dll

dbghelp: loaded successfully - version: 4.0.5 - missing functions: none
symbol engine: initialized successfully - sym options: 0x614 - pdb path: .;C:\Program Files\Android\Android Studio\jbr\bin;C:\Windows\SYSTEM32;C:\Windows\WinSxS\amd64_microsoft.windows.common-controls_6595b64144ccf1df_6.0.22621.3672_none_2713b9d173822955;C:\Program Files\Android\Android Studio\jbr\bin\server;C:\Users\Gerardo\.gradle\native\c067742578af261105cb4f569cf0c3c89f3d7b1fecec35dd04571415982c5e48\windows-amd64;C:\Users\Gerardo\.gradle\native\38dada09dfb8b06ba9b0570ebf7e218e3eb74d4ef43ca46872605cf95ebc2f47\windows-amd64

VM Arguments:
jvm_args: --add-opens=java.base/java.util=ALL-UNNAMED --add-opens=java.base/java.lang=ALL-UNNAMED --add-opens=java.base/java.lang.invoke=ALL-UNNAMED --add-opens=java.prefs/java.util.prefs=ALL-UNNAMED --add-opens=java.base/java.nio.charset=ALL-UNNAMED --add-opens=java.base/java.net=ALL-UNNAMED --add-opens=java.base/java.util.concurrent.atomic=ALL-UNNAMED -Xmx2048m -Dfile.encoding=UTF-8 -Duser.country=PE -Duser.language=es -Duser.variant -javaagent:C:\Users\Gerardo\.gradle\wrapper\dists\gradle-8.7-bin\bhs2wmbdwecv87pi65oeuq5iu\gradle-8.7\lib\agents\gradle-instrumentation-agent-8.7.jar 
java_command: org.gradle.launcher.daemon.bootstrap.GradleDaemon 8.7
java_class_path (initial): C:\Users\Gerardo\.gradle\wrapper\dists\gradle-8.7-bin\bhs2wmbdwecv87pi65oeuq5iu\gradle-8.7\lib\gradle-launcher-8.7.jar
Launcher Type: SUN_STANDARD

[Global flags]
     intx CICompilerCount                          = 4                                         {product} {ergonomic}
     uint ConcGCThreads                            = 3                                         {product} {ergonomic}
     uint G1ConcRefinementThreads                  = 10                                        {product} {ergonomic}
   size_t G1HeapRegionSize                         = 1048576                                   {product} {ergonomic}
    uintx GCDrainStackTargetSize                   = 64                                        {product} {ergonomic}
   size_t InitialHeapSize                          = 123731968                                 {product} {ergonomic}
   size_t MarkStackSize                            = 4194304                                   {product} {ergonomic}
   size_t MaxHeapSize                              = 2147483648                                {product} {command line}
   size_t MaxNewSize                               = 1287651328                                {product} {ergonomic}
   size_t MinHeapDeltaBytes                        = 1048576                                   {product} {ergonomic}
   size_t MinHeapSize                              = 8388608                                   {product} {ergonomic}
    uintx NonNMethodCodeHeapSize                   = 5839372                                {pd product} {ergonomic}
    uintx NonProfiledCodeHeapSize                  = 122909434                              {pd product} {ergonomic}
    uintx ProfiledCodeHeapSize                     = 122909434                              {pd product} {ergonomic}
    uintx ReservedCodeCacheSize                    = 251658240                              {pd product} {ergonomic}
     bool SegmentedCodeCache                       = true                                      {product} {ergonomic}
   size_t SoftMaxHeapSize                          = 2147483648                             {manageable} {ergonomic}
     bool UseCompressedClassPointers               = true                           {product lp64_product} {ergonomic}
     bool UseCompressedOops                        = true                           {product lp64_product} {ergonomic}
     bool UseG1GC                                  = true                                      {product} {ergonomic}
     bool UseLargePagesIndividualAllocation        = false                                  {pd product} {ergonomic}

Logging:
Log output configuration:
 #0: stdout all=warning uptime,level,tags
 #1: stderr all=off uptime,level,tags

Environment Variables:
PATH=C:\Program Files (x86)\Common Files\Oracle\Java\java8path;C:\Program Files (x86)\Common Files\Oracle\Java\javapath;C:\Windows\system32;C:\Windows;C:\Windows\System32\Wbem;C:\Windows\System32\WindowsPowerShell\v1.0\;C:\Windows\System32\OpenSSH\;C:\Program Files (x86)\NVIDIA Corporation\PhysX\Common;C:\Program Files\NVIDIA Corporation\NVIDIA NvDLISR;C:\Program Files\dotnet\;C:\Program Files\GitHub CLI\;C:\Program Files\Git\cmd;C:\Users\Gerardo\AppData\Local\Programs\Python\Python312\Scripts\;C:\Users\Gerardo\AppData\Local\Programs\Python\Python312\;C:\Users\Gerardo\AppData\Local\Programs\Python\Launcher\;C:\Users\Gerardo\AppData\Local\Microsoft\WindowsApps;C:\Users\Gerardo\AppData\Local\GitHubDesktop\bin;C:\Users\Gerardo\AppData\Local\Programs\Microsoft VS Code\bin
USERNAME=Gerardo
OS=Windows_NT
PROCESSOR_IDENTIFIER=AMD64 Family 25 Model 68 Stepping 1, AuthenticAMD
TMP=C:\Users\Gerardo\AppData\Local\Temp
TEMP=C:\Users\Gerardo\AppData\Local\Temp



Periodic native trim disabled

JNI global refs:
JNI global refs: 27, weak refs: 2

JNI global refs memory usage: 843, weak refs: 841

Process memory usage:
Resident Set Size: 300188K (3% of 7678756K total physical memory with 229608K free physical memory)

OOME stack traces (most recent first):
Classloader memory used:
Loader org.gradle.internal.classloader.VisitableURLClassLoader                         : 3808K
Loader bootstrap                                                                       : 2697K
Loader org.gradle.internal.classloader.VisitableURLClassLoader$InstrumentingVisitableURLClassLoader: 1378K
Loader org.gradle.initialization.MixInLegacyTypesClassLoader                           : 1209K
Loader jdk.internal.loader.ClassLoaders$PlatformClassLoader                            : 69895B
Loader jdk.internal.reflect.DelegatingClassLoader                                      : 35796B
Loader jdk.internal.loader.ClassLoaders$AppClassLoader                                 : 28714B
Loader org.gradle.groovy.scripts.internal.DefaultScriptCompilationHandler$ScriptClassLoader: 18035B
Loader org.gradle.internal.classloader.VisitableURLClassLoader                         : 4004B
Loader org.codehaus.groovy.runtime.callsite.CallSiteClassLoader                        : 1164B

Classes loaded by more than one classloader:
Class org.gradle.internal.installation.GradleInstallation                             : loaded 2 times (x 73B)
Class com.google.common.collect.Iterators$MergingIterator                             : loaded 2 times (x 79B)
Class build_5upwur0uhs9b1hjj1k3nt5rwk                                                 : loaded 2 times (x 178B)
Class org.objectweb.asm.ModuleVisitor                                                 : loaded 2 times (x 79B)
Class [Lcom.google.common.collect.AbstractMapEntry;                                   : loaded 2 times (x 67B)
Class com.google.common.collect.SingletonImmutableList                                : loaded 2 times (x 167B)
Class com.google.common.cache.CacheLoader$SupplierToCacheLoader                       : loaded 2 times (x 73B)
Class org.gradle.internal.classpath.ClassPath                                         : loaded 2 times (x 68B)
Class com.google.common.cache.RemovalListener                                         : loaded 2 times (x 68B)
Class org.gradle.api.internal.classpath.DefaultModuleRegistry                         : loaded 2 times (x 84B)
Class com.google.common.collect.ImmutableEnumSet                                      : loaded 2 times (x 144B)
Class com.google.common.collect.ListMultimap                                          : loaded 2 times (x 68B)
Class com.google.common.base.CharMatcher$JavaDigit                                    : loaded 2 times (x 109B)
Class com.google.common.base.CharMatcher$Digit                                        : loaded 2 times (x 110B)
Class com.google.common.collect.AbstractMultimap                                      : loaded 2 times (x 121B)
Class com.google.common.cache.CacheBuilder$OneWeigher                                 : loaded 2 times (x 80B)
Class org.gradle.api.Action                                                           : loaded 2 times (x 68B)
Class com.google.common.collect.ImmutableEntry                                        : loaded 2 times (x 80B)
Class com.google.common.collect.Lists$StringAsImmutableList                           : loaded 2 times (x 167B)
Class com.google.common.cache.LocalCache$StrongEntry                                  : loaded 2 times (x 106B)
Class org.objectweb.asm.FieldWriter                                                   : loaded 2 times (x 76B)
Class com.google.common.base.CharMatcher                                              : loaded 2 times (x 109B)
Class com.google.common.base.CharMatcher$IsNot                                        : loaded 2 times (x 109B)
Class com.google.common.base.Splitter                                                 : loaded 2 times (x 70B)
Class [Lcom.google.common.cache.Weigher;                                              : loaded 2 times (x 67B)
Class com.google.common.collect.Iterators$ArrayItr                                    : loaded 2 times (x 95B)
Class com.google.common.cache.LocalCache$Segment                                      : loaded 2 times (x 152B)
Class org.gradle.api.internal.DefaultClassPathProvider                                : loaded 2 times (x 74B)
Class org.gradle.internal.installation.GradleInstallation$1                           : loaded 2 times (x 73B)
Class com.google.common.cache.LocalCache$AbstractReferenceEntry                       : loaded 2 times (x 105B)
Class settings_adfafpkbr9p2xx801aq01eago$_run_closure1                                : loaded 2 times (x 137B)
Class org.objectweb.asm.Type                                                          : loaded 2 times (x 70B)
Class com.google.common.util.concurrent.AbstractFuture$Failure                        : loaded 2 times (x 70B)
Class com.google.common.base.CharMatcher$BitSetMatcher                                : loaded 2 times (x 110B)
Class com.google.common.collect.ImmutableMap$IteratorBasedImmutableMap                : loaded 2 times (x 123B)
Class com.google.common.collect.ImmutableMap                                          : loaded 2 times (x 118B)
Class com.google.common.base.Converter                                                : loaded 2 times (x 88B)
Class com.google.common.collect.ImmutableSet$EmptySetBuilderImpl                      : loaded 2 times (x 74B)
Class com.google.common.base.Equivalence                                              : loaded 2 times (x 80B)
Class com.google.common.primitives.Ints                                               : loaded 2 times (x 69B)
Class com.google.common.cache.LocalCache$EntryFactory$1                               : loaded 2 times (x 81B)
Class com.google.common.cache.LocalCache$EntryFactory$2                               : loaded 2 times (x 81B)
Class com.google.common.cache.LocalCache$EntryFactory$3                               : loaded 2 times (x 81B)
Class com.google.common.cache.LocalCache$EntryFactory$4                               : loaded 2 times (x 81B)
Class com.google.common.cache.LocalCache$EntryFactory$5                               : loaded 2 times (x 81B)
Class com.google.common.cache.LocalCache$EntryFactory$6                               : loaded 2 times (x 81B)
Class com.google.common.cache.LocalCache$EntryFactory$7                               : loaded 2 times (x 81B)
Class com.google.common.cache.LocalCache$EntryFactory$8                               : loaded 2 times (x 81B)
Class com.google.common.base.Predicate                                                : loaded 2 times (x 68B)
Class com.google.common.cache.LocalCache$StrongValueReference                         : loaded 2 times (x 88B)
Class org.gradle.internal.classloader.FilteringClassLoader                            : loaded 2 times (x 103B)
Class com.google.common.collect.RegularImmutableSet                                   : loaded 2 times (x 146B)
Class [Lcom.google.common.cache.LocalCache$Strength;                                  : loaded 2 times (x 67B)
Class org.gradle.internal.classpath.DefaultClassPath$ImmutableUniqueList$Builder      : loaded 2 times (x 73B)
Class com.google.common.collect.Maps$8                                                : loaded 2 times (x 80B)
Class [Lcom.google.common.cache.CacheBuilder$NullListener;                            : loaded 2 times (x 67B)
Class com.google.common.base.PatternCompiler                                          : loaded 2 times (x 68B)
Class com.google.common.base.CharMatcher$InRange                                      : loaded 2 times (x 109B)
Class com.google.common.collect.Sets$SetView                                          : loaded 2 times (x 136B)
Class com.google.common.collect.BiMap                                                 : loaded 2 times (x 68B)
Class com.google.common.collect.Lists                                                 : loaded 2 times (x 69B)
Class org.objectweb.asm.AnnotationWriter                                              : loaded 2 times (x 77B)
Class com.google.common.math.IntMath$1                                                : loaded 2 times (x 69B)
Class org.gradle.internal.classloader.ClassLoaderVisitor                              : loaded 2 times (x 74B)
Class org.objectweb.asm.Label                                                         : loaded 2 times (x 71B)
Class com.google.common.cache.CacheBuilder$NullListener                               : loaded 2 times (x 80B)
Class settings_adfafpkbr9p2xx801aq01eago$_run_closure1$_closure2                      : loaded 2 times (x 137B)
Class com.google.common.math.MathPreconditions                                        : loaded 2 times (x 69B)
Class org.gradle.internal.service.DefaultServiceLocator                               : loaded 2 times (x 81B)
Class org.gradle.internal.service.UnknownServiceException                             : loaded 2 times (x 81B)
Class com.google.common.util.concurrent.AbstractFuture$SynchronizedHelper             : loaded 2 times (x 76B)
Class com.google.common.collect.ArrayListMultimap                                     : loaded 2 times (x 170B)
Class com.google.common.base.Strings                                                  : loaded 2 times (x 69B)
Class com.google.common.cache.CacheLoader$InvalidCacheLoadException                   : loaded 2 times (x 80B)
Class org.gradle.internal.classloader.DefaultClassLoaderFactory                       : loaded 2 times (x 80B)
Class com.google.common.collect.UnmodifiableIterator                                  : loaded 2 times (x 78B)
Class com.google.common.base.Stopwatch                                                : loaded 2 times (x 70B)
Class com.google.common.base.Platform$JdkPatternCompiler                              : loaded 2 times (x 73B)
Class com.google.common.cache.LocalCache$LoadingValueReference                        : loaded 2 times (x 94B)
Class com.google.common.base.CharMatcher$SingleWidth                                  : loaded 2 times (x 110B)
Class com.google.common.collect.Hashing                                               : loaded 2 times (x 69B)
Class com.google.common.base.JdkPattern                                               : loaded 2 times (x 73B)
Class com.google.common.collect.Multimap                                              : loaded 2 times (x 68B)
Class com.google.common.base.FunctionalEquivalence                                    : loaded 2 times (x 81B)
Class org.objectweb.asm.AnnotationVisitor                                             : loaded 2 times (x 76B)
Class org.objectweb.asm.RecordComponentWriter                                         : loaded 2 times (x 76B)
Class com.google.common.cache.LocalCache$1                                            : loaded 2 times (x 87B)
Class com.google.common.cache.LocalCache$2                                            : loaded 2 times (x 140B)
Class com.google.common.collect.RegularImmutableBiMap                                 : loaded 2 times (x 146B)
Class org.gradle.internal.classloader.VisitableURLClassLoader$Spec                    : loaded 2 times (x 72B)
Class org.gradle.api.GradleException                                                  : loaded 2 times (x 80B)
Class com.google.common.base.CharMatcher$JavaLetterOrDigit                            : loaded 2 times (x 109B)
Class org.gradle.api.internal.classpath.ModuleRegistry                                : loaded 2 times (x 68B)
Class com.google.common.cache.CacheBuilder                                            : loaded 2 times (x 70B)
Class org.objectweb.asm.ByteVector                                                    : loaded 2 times (x 77B)
Class com.google.common.collect.ImmutableCollection                                   : loaded 2 times (x 123B)
Class settings_adfafpkbr9p2xx801aq01eago                                              : loaded 2 times (x 177B)
Class com.google.common.base.PairwiseEquivalence                                      : loaded 2 times (x 81B)
Class com.google.common.base.Ticker                                                   : loaded 2 times (x 70B)
Class org.gradle.api.internal.ClassPathProvider                                       : loaded 2 times (x 68B)
Class com.google.common.base.Ascii                                                    : loaded 2 times (x 69B)
Class com.google.common.collect.RegularImmutableMap$Values                            : loaded 2 times (x 167B)
Class org.objectweb.asm.ModuleWriter                                                  : loaded 2 times (x 80B)
Class org.gradle.internal.classloader.ClasspathUtil$1                                 : loaded 2 times (x 74B)
Class com.google.common.collect.ImmutableEnumMap                                      : loaded 2 times (x 123B)
Class com.google.common.collect.ImmutableList$ReverseImmutableList                    : loaded 2 times (x 168B)
Class com.google.common.cache.AbstractCache$StatsCounter                              : loaded 2 times (x 68B)
Class org.objectweb.asm.FieldVisitor                                                  : loaded 2 times (x 75B)
Class org.objectweb.asm.Symbol                                                        : loaded 2 times (x 71B)
Class com.google.common.cache.LocalCache$Strength$1                                   : loaded 2 times (x 79B)
Class com.google.common.cache.LocalCache$Strength$2                                   : loaded 2 times (x 79B)
Class com.google.common.cache.LocalCache$Strength$3                                   : loaded 2 times (x 79B)
Class org.gradle.internal.classloader.ClassLoaderFactory                              : loaded 2 times (x 68B)
Class com.google.common.collect.ObjectArrays                                          : loaded 2 times (x 69B)
Class com.google.common.util.concurrent.AbstractFuture$Waiter                         : loaded 2 times (x 70B)
Class com.google.common.util.concurrent.Uninterruptibles                              : loaded 2 times (x 69B)
Class com.google.common.collect.Iterators$10                                          : loaded 2 times (x 79B)
Class com.google.common.collect.ImmutableList                                         : loaded 2 times (x 166B)
Class org.gradle.api.internal.classpath.ManifestUtil                                  : loaded 2 times (x 69B)
Class org.gradle.api.specs.Spec                                                       : loaded 2 times (x 68B)
Class com.google.common.cache.CacheLoader$UnsupportedLoadingOperationException        : loaded 2 times (x 80B)
Class com.google.common.base.CharMatcher$Whitespace                                   : loaded 2 times (x 110B)
Class com.google.common.util.concurrent.ListenableFuture                              : loaded 2 times (x 68B)
Class com.google.common.collect.Iterators$1                                           : loaded 2 times (x 79B)
Class com.google.common.collect.Iterators$4                                           : loaded 2 times (x 80B)
Class com.google.common.collect.RegularImmutableMap$BucketOverflowException           : loaded 2 times (x 80B)
Class com.google.common.collect.Iterators$5                                           : loaded 2 times (x 80B)
Class com.google.common.util.concurrent.AbstractFuture$UnsafeAtomicHelper             : loaded 2 times (x 76B)
Class com.google.common.base.Joiner                                                   : loaded 2 times (x 77B)
Class com.google.common.base.Equivalence$Equals                                       : loaded 2 times (x 80B)
Class com.google.common.base.Preconditions                                            : loaded 2 times (x 69B)
Class com.google.common.base.Function                                                 : loaded 2 times (x 68B)
Class com.google.common.collect.Iterators$9                                           : loaded 2 times (x 79B)
Class org.gradle.internal.IoActions                                                   : loaded 2 times (x 69B)
Class com.google.common.cache.ReferenceEntry                                          : loaded 2 times (x 68B)
Class com.google.common.collect.RegularImmutableMap$KeySet                            : loaded 2 times (x 148B)
Class com.google.common.collect.CollectPreconditions                                  : loaded 2 times (x 69B)
Class com.google.common.primitives.IntsMethodsForWeb                                  : loaded 2 times (x 69B)
Class com.google.common.collect.Maps                                                  : loaded 2 times (x 69B)
Class com.google.common.collect.RegularImmutableMap                                   : loaded 2 times (x 119B)
Class com.google.common.collect.AbstractIndexedListIterator                           : loaded 2 times (x 94B)
Class com.google.common.base.CharMatcher$None                                         : loaded 2 times (x 110B)
Class org.gradle.api.internal.classpath.EffectiveClassPath                            : loaded 2 times (x 88B)
Class com.google.common.collect.UnmodifiableListIterator                              : loaded 2 times (x 93B)
Class com.google.common.cache.CacheLoader$FunctionToCacheLoader                       : loaded 2 times (x 73B)
Class com.google.common.cache.CacheBuilder$1                                          : loaded 2 times (x 83B)
Class com.google.common.cache.CacheBuilder$2                                          : loaded 2 times (x 70B)
Class com.google.common.collect.ImmutableList$1                                       : loaded 2 times (x 95B)
Class com.google.common.base.Splitter$Strategy                                        : loaded 2 times (x 68B)
Class build_5upwur0uhs9b1hjj1k3nt5rwk$_run_closure1                                   : loaded 2 times (x 137B)
Class com.google.common.collect.ImmutableMapEntrySet$RegularEntrySet                  : loaded 2 times (x 149B)
Class [Lcom.google.common.cache.RemovalListener;                                      : loaded 2 times (x 67B)
Class [Lcom.google.common.collect.ImmutableMapEntry;                                  : loaded 2 times (x 67B)
Class org.gradle.internal.installation.CurrentGradleInstallation                      : loaded 2 times (x 71B)
Class org.gradle.internal.agents.InstrumentingClassLoader                             : loaded 2 times (x 68B)
Class org.gradle.internal.installation.CurrentGradleInstallationLocator               : loaded 2 times (x 69B)
Class [Lcom.google.common.cache.LocalCache$Segment;                                   : loaded 2 times (x 67B)
Class org.gradle.api.internal.classpath.Module                                        : loaded 2 times (x 68B)
Class com.google.common.base.Splitter$1$1                                             : loaded 2 times (x 84B)
Class com.google.common.collect.ImmutableSet$JdkBackedSetBuilderImpl                  : loaded 2 times (x 74B)
Class com.google.common.collect.ImmutableSet$RegularSetBuilderImpl                    : loaded 2 times (x 75B)
Class [Lorg.objectweb.asm.AnnotationWriter;                                           : loaded 2 times (x 67B)
Class org.gradle.internal.service.CachingServiceLocator                               : loaded 2 times (x 80B)
Class [Lcom.google.common.collect.ImmutableEntry;                                     : loaded 2 times (x 67B)
Class org.gradle.internal.classpath.DefaultClassPath                                  : loaded 2 times (x 88B)
Class com.google.common.util.concurrent.AbstractFuture$SetFuture                      : loaded 2 times (x 73B)
Class com.google.common.base.Splitter$SplittingIterator                               : loaded 2 times (x 82B)
Class com.google.common.cache.LocalCache$LocalManualCache$1                           : loaded 2 times (x 73B)
Class org.objectweb.asm.SymbolTable$Entry                                             : loaded 2 times (x 72B)
Class [Lcom.google.common.cache.LocalCache$EntryFactory;                              : loaded 2 times (x 67B)
Class com.google.common.base.CharMatcher$Is                                           : loaded 2 times (x 109B)
Class com.google.common.base.Platform                                                 : loaded 2 times (x 69B)
Class com.google.common.collect.RegularImmutableAsList                                : loaded 2 times (x 176B)
Class com.google.common.collect.PeekingIterator                                       : loaded 2 times (x 68B)
Class com.google.common.collect.ImmutableMapEntrySet                                  : loaded 2 times (x 149B)
Class com.google.common.cache.CacheLoader                                             : loaded 2 times (x 72B)
Class com.google.common.collect.ImmutableBiMapFauxverideShim                          : loaded 2 times (x 118B)
Class org.objectweb.asm.MethodTooLargeException                                       : loaded 2 times (x 81B)
Class com.google.common.cache.Cache                                                   : loaded 2 times (x 68B)
Class org.gradle.internal.classloader.SystemClassLoaderSpec                           : loaded 2 times (x 69B)
Class com.google.common.util.concurrent.internal.InternalFutureFailureAccess          : loaded 2 times (x 70B)
Class com.google.common.base.Charsets                                                 : loaded 2 times (x 69B)
Class com.google.common.primitives.Ints$IntConverter                                  : loaded 2 times (x 88B)
Class com.google.common.collect.SingletonImmutableSet                                 : loaded 2 times (x 144B)
Class [Lcom.google.common.base.AbstractIterator$State;                                : loaded 2 times (x 67B)
Class com.google.common.collect.ImmutableMap$Builder                                  : loaded 2 times (x 80B)
Class com.google.common.base.AbstractIterator                                         : loaded 2 times (x 78B)
Class org.objectweb.asm.ClassWriter                                                   : loaded 2 times (x 104B)
Class com.google.common.base.AbstractIterator$1                                       : loaded 2 times (x 69B)
Class [Lcom.google.common.cache.CacheBuilder$OneWeigher;                              : loaded 2 times (x 67B)
Class com.google.common.collect.Iterators                                             : loaded 2 times (x 69B)
Class com.google.common.base.CharMatcher$1                                            : loaded 2 times (x 111B)
Class com.google.common.base.CharMatcher$Ascii                                        : loaded 2 times (x 110B)
Class com.google.common.cache.LocalCache$ComputingValueReference                      : loaded 2 times (x 94B)
Class org.gradle.api.UncheckedIOException                                             : loaded 2 times (x 80B)
Class com.google.common.base.CharMatcher$And                                          : loaded 2 times (x 110B)
Class com.google.common.collect.IndexedImmutableSet                                   : loaded 2 times (x 148B)
Class com.google.common.collect.IndexedImmutableSet$1                                 : loaded 2 times (x 172B)
Class com.google.common.collect.AbstractListMultimap                                  : loaded 2 times (x 170B)
Class com.google.common.base.CharMatcher$Any                                          : loaded 2 times (x 110B)
Class com.google.common.cache.LocalCache$Strength                                     : loaded 2 times (x 79B)
Class com.google.common.collect.ArrayListMultimapGwtSerializationDependencies         : loaded 2 times (x 170B)
Class com.google.common.base.CharMatcher$RangesMatcher                                : loaded 2 times (x 110B)
Class org.objectweb.asm.Handler                                                       : loaded 2 times (x 70B)
Class com.google.common.collect.ImmutableList$SubList                                 : loaded 2 times (x 168B)
Class com.google.common.cache.LocalCache$ValueReference                               : loaded 2 times (x 68B)
Class org.gradle.internal.classloader.ClasspathUtil                                   : loaded 2 times (x 69B)
Class org.objectweb.asm.CurrentFrame                                                  : loaded 2 times (x 71B)
Class com.google.common.util.concurrent.AbstractFuture                                : loaded 2 times (x 93B)
Class com.google.common.base.Splitter$1                                               : loaded 2 times (x 75B)
Class com.google.common.base.Ticker$1                                                 : loaded 2 times (x 70B)
Class com.google.common.collect.Maps$BiMapConverter                                   : loaded 2 times (x 88B)
Class org.gradle.api.internal.DefaultClassPathRegistry                                : loaded 2 times (x 74B)
Class [Lorg.objectweb.asm.Symbol;                                                     : loaded 2 times (x 67B)
Class com.google.common.util.concurrent.AbstractFuture$Cancellation                   : loaded 2 times (x 70B)
Class com.google.common.collect.ImmutableSet$SetBuilderImpl                           : loaded 2 times (x 74B)
Class org.gradle.api.internal.classpath.DefaultModuleRegistry$DefaultModule           : loaded 2 times (x 84B)
Class com.google.common.base.CharMatcher$JavaIsoControl                               : loaded 2 times (x 110B)
Class com.google.common.collect.ImmutableMap$1                                        : loaded 2 times (x 79B)
Class com.google.common.base.CharMatcher$Or                                           : loaded 2 times (x 110B)
Class com.google.common.base.Suppliers$SupplierOfInstance                             : loaded 2 times (x 77B)
Class org.objectweb.asm.RecordComponentVisitor                                        : loaded 2 times (x 75B)
Class com.google.common.collect.Iterables                                             : loaded 2 times (x 69B)
Class com.google.common.base.CharMatcher$JavaLowerCase                                : loaded 2 times (x 109B)
Class org.objectweb.asm.ClassTooLargeException                                        : loaded 2 times (x 81B)
Class org.gradle.api.internal.classpath.UnknownModuleException                        : loaded 2 times (x 80B)
Class com.google.common.util.concurrent.AbstractFuture$Listener                       : loaded 2 times (x 70B)
Class org.objectweb.asm.Edge                                                          : loaded 2 times (x 70B)
Class com.google.common.collect.Maps$EntryTransformer                                 : loaded 2 times (x 68B)
Class com.google.common.collect.ImmutableCollection$Builder                           : loaded 2 times (x 74B)
Class [Lorg.objectweb.asm.SymbolTable$Entry;                                          : loaded 2 times (x 67B)
Class com.google.common.collect.SingletonImmutableBiMap                               : loaded 2 times (x 141B)
Class com.google.common.base.CommonPattern                                            : loaded 2 times (x 72B)
Class com.google.common.base.Suppliers                                                : loaded 2 times (x 69B)
Class org.objectweb.asm.ClassVisitor                                                  : loaded 2 times (x 86B)
Class com.google.common.cache.LoadingCache                                            : loaded 2 times (x 68B)
Class org.gradle.internal.service.ServiceLookupException                              : loaded 2 times (x 80B)
Class org.gradle.cache.GlobalCache                                                    : loaded 2 times (x 68B)
Class com.google.common.base.CharMatcher$NegatedFastMatcher                           : loaded 2 times (x 111B)
Class [Lorg.gradle.api.internal.ClassPathProvider;                                    : loaded 2 times (x 67B)
Class com.google.common.util.concurrent.AbstractFuture$SafeAtomicHelper               : loaded 2 times (x 77B)
Class org.gradle.util.internal.GUtil                                                  : loaded 2 times (x 69B)
Class com.google.common.math.IntMath                                                  : loaded 2 times (x 69B)
Class com.google.common.collect.AbstractIterator                                      : loaded 2 times (x 80B)
Class org.gradle.internal.classloader.ClassLoaderSpec                                 : loaded 2 times (x 69B)
Class com.google.common.base.NullnessCasts                                            : loaded 2 times (x 69B)
Class org.objectweb.asm.Frame                                                         : loaded 2 times (x 71B)
Class com.google.common.cache.LocalCache$LocalManualCache                             : loaded 2 times (x 97B)
Class com.google.common.collect.AbstractMapEntry                                      : loaded 2 times (x 79B)
Class com.google.common.base.CharMatcher$Negated                                      : loaded 2 times (x 111B)
Class com.google.common.cache.CacheLoader$1                                           : loaded 2 times (x 73B)
Class com.google.common.util.concurrent.AbstractFuture$TrustedFuture                  : loaded 2 times (x 95B)
Class com.google.common.collect.Sets                                                  : loaded 2 times (x 69B)
Class com.google.common.collect.ImmutableSet$Builder                                  : loaded 2 times (x 83B)
Class com.google.common.base.CharMatcher$ForPredicate                                 : loaded 2 times (x 110B)
Class com.google.common.collect.ImmutableMap$MapViewOfValuesAsSingletonSets           : loaded 2 times (x 123B)
Class com.google.common.base.MoreObjects                                              : loaded 2 times (x 69B)
Class com.google.common.collect.SortedMapDifference                                   : loaded 2 times (x 68B)
Class org.objectweb.asm.SymbolTable                                                   : loaded 2 times (x 70B)
Class [Lorg.objectweb.asm.AnnotationVisitor;                                          : loaded 2 times (x 67B)
Class com.google.common.cache.CacheStats                                              : loaded 2 times (x 69B)
Class org.objectweb.asm.Attribute                                                     : loaded 2 times (x 75B)
Class org.gradle.internal.classloader.VisitableURLClassLoader                         : loaded 2 times (x 115B)
Class com.google.common.cache.LocalCache$LocalLoadingCache                            : loaded 2 times (x 132B)
Class com.google.common.base.Supplier                                                 : loaded 2 times (x 68B)
Class com.google.common.util.concurrent.AbstractFuture$AtomicHelper                   : loaded 2 times (x 76B)
Class com.google.common.collect.ImmutableBiMap                                        : loaded 2 times (x 141B)
Class org.gradle.internal.Cast                                                        : loaded 2 times (x 69B)
Class org.gradle.api.internal.ClassPathRegistry                                       : loaded 2 times (x 68B)
Class com.google.common.cache.LocalCache$EntryFactory                                 : loaded 2 times (x 81B)
Class com.google.common.util.concurrent.UncheckedExecutionException                   : loaded 2 times (x 80B)
Class com.google.common.collect.ImmutableSet                                          : loaded 2 times (x 143B)
Class org.gradle.internal.classloader.VisitableURLClassLoader$InstrumentingVisitableURLClassLoader: loaded 2 times (x 121B)
Class org.gradle.internal.classloader.ClassLoaderHierarchy                            : loaded 2 times (x 68B)
Class [Lorg.objectweb.asm.Type;                                                       : loaded 2 times (x 67B)
Class com.google.common.base.AbstractIterator$State                                   : loaded 2 times (x 77B)
Class com.google.common.cache.Weigher                                                 : loaded 2 times (x 68B)
Class com.google.common.base.CharMatcher$NamedFastMatcher                             : loaded 2 times (x 110B)
Class org.gradle.internal.InternalTransformer                                         : loaded 2 times (x 68B)
Class org.gradle.internal.service.ServiceLocator                                      : loaded 2 times (x 68B)
Class com.google.common.util.concurrent.SettableFuture                                : loaded 2 times (x 95B)
Class com.google.common.collect.ImmutableMapEntry                                     : loaded 2 times (x 83B)
Class com.google.common.base.CharMatcher$Invisible                                    : loaded 2 times (x 110B)
Class com.google.common.base.Joiner$1                                                 : loaded 2 times (x 78B)
Class com.google.common.base.Joiner$2                                                 : loaded 2 times (x 77B)
Class com.google.common.base.CharMatcher$FastMatcher                                  : loaded 2 times (x 109B)
Class org.gradle.internal.classpath.DefaultClassPath$ImmutableUniqueList              : loaded 2 times (x 159B)
Class com.google.common.base.CharMatcher$JavaLetter                                   : loaded 2 times (x 109B)
Class org.gradle.internal.classpath.TransformedClassPath                              : loaded 2 times (x 94B)
Class com.google.common.collect.MapDifference                                         : loaded 2 times (x 68B)
Class com.google.common.collect.Sets$1                                                : loaded 2 times (x 137B)
Class com.google.common.collect.Sets$2                                                : loaded 2 times (x 137B)
Class com.google.common.util.concurrent.AbstractFuture$Trusted                        : loaded 2 times (x 68B)
Class com.google.common.collect.Sets$3                                                : loaded 2 times (x 137B)
Class com.google.common.collect.Sets$4                                                : loaded 2 times (x 137B)
Class org.objectweb.asm.MethodWriter                                                  : loaded 2 times (x 104B)
Class com.google.common.collect.Platform                                              : loaded 2 times (x 69B)
Class com.google.common.collect.ImmutableAsList                                       : loaded 2 times (x 169B)
Class com.google.common.util.concurrent.ExecutionError                                : loaded 2 times (x 80B)
Class com.google.common.base.Equivalence$Identity                                     : loaded 2 times (x 80B)
Class com.google.common.base.CharMatcher$AnyOf                                        : loaded 2 times (x 110B)
Class com.google.common.base.CharMatcher$IsEither                                     : loaded 2 times (x 109B)
Class com.google.common.cache.LocalCache                                              : loaded 2 times (x 185B)
Class com.google.common.collect.RegularImmutableList                                  : loaded 2 times (x 172B)
Class com.google.common.util.concurrent.AbstractFuture$UnsafeAtomicHelper$1           : loaded 2 times (x 74B)
Class com.google.common.base.CharMatcher$JavaUpperCase                                : loaded 2 times (x 109B)
Class com.google.common.collect.Multiset                                              : loaded 2 times (x 68B)
Class com.google.common.collect.ImmutableSet$CachingAsList                            : loaded 2 times (x 145B)
Class org.objectweb.asm.MethodVisitor                                                 : loaded 2 times (x 103B)
Class com.google.common.collect.ImmutableMapEntry$NonTerminalImmutableMapEntry        : loaded 2 times (x 83B)
Class com.google.common.collect.AbstractMapBasedMultimap                              : loaded 2 times (x 137B)


---------------  S Y S T E M  ---------------

OS:
 Windows 11 , 64 bit Build 22621 (10.0.22621.3958)
OS uptime: 13 days 11:51 hours
Hyper-V role detected

CPU: total 12 (initial active 12) (12 cores per cpu, 2 threads per core) family 25 model 68 stepping 1 microcode 0x0, cx8, cmov, fxsr, ht, mmx, 3dnowpref, sse, sse2, sse3, ssse3, sse4a, sse4.1, sse4.2, popcnt, lzcnt, tsc, tscinvbit, avx, avx2, aes, erms, clmul, bmi1, bmi2, adx, sha, fma, vzeroupper, clflush, clflushopt, hv
Processor Information for all 12 processors :
  Max Mhz: 3301, Current Mhz: 2496, Mhz Limit: 3301

Memory: 4k page, system-wide physical 7498M (249M free)
TotalPageFile size 30026M (AvailPageFile size 6M)
current process WorkingSet (physical memory assigned to process): 293M, peak: 305M
current process commit charge ("private bytes"): 346M, peak: 349M

vm_info: OpenJDK 64-Bit Server VM (17.0.11+0--11852314) for windows-amd64 JRE (17.0.11+0--11852314), built on May 16 2024 21:29:20 by "androidbuild" with MS VC++ 16.10 / 16.11 (VS2019)

END.
